#Frame        COMPLEX         TLR4          MD2         FP12        MD2_A       FP12_A
       1       0.0000       0.0000       0.0000       0.0000       0.0000       0.0000
       2       1.0493       0.9568       1.5028       1.6692       0.7922       1.3296
       3       1.4593       1.2557       2.4058       1.5383       0.7756       1.2667
       4       1.3992       1.3227       1.8420       1.7868       0.8932       1.6358
       5       2.0522       2.0478       2.3224       2.1708       0.7735       1.6391
       6       1.8429       1.7646       2.4436       1.7541       0.8762       1.4281
       7       1.5758       1.5634       1.7510       1.5007       1.0543       1.4167
       8       1.6496       1.5185       2.2697       1.9032       1.0000       1.6289
       9       1.9384       1.7632       2.9435       2.5059       1.0216       2.2173
      10       2.2138       1.9054       3.6298       2.4082       1.2803       2.1872
      11       1.8304       1.6094       2.8736       2.3006       1.4219       2.1820
      12       1.8467       1.5631       3.0457       2.0360       1.4644       1.7883
      13       1.6812       1.6070       2.1019       2.2302       1.5688       2.1536
      14       1.9077       1.7747       2.6267       2.1458       1.5169       2.0215
      15       1.8227       1.7721       2.1662       1.9469       1.4474       2.0169
      16       1.9921       1.9701       2.2601       2.0203       1.5826       1.9377
      17       1.7635       1.7042       2.2074       2.0150       1.5159       1.9982
      18       1.7808       1.7471       2.0544       2.0837       1.4422       2.2393
      19       1.9891       1.9352       2.3177       2.0554       1.5737       2.1639
      20       2.0871       2.0984       2.2583       2.0718       1.4510       2.1052
      21       1.9476       1.9580       2.0335       1.7756       1.3756       1.5841
      22       2.2038       2.1736       2.5269       1.9536       1.4835       1.6771
      23       2.2106       2.1923       2.5299       2.4181       1.5578       2.0588
      24       2.0112       2.0116       2.1364       2.1373       1.3867       2.1091
      25       2.1144       2.0119       2.7708       2.2712       1.5835       2.5168
      26       1.9193       1.6645       3.0457       1.8151       1.4393       2.4499
      27       1.7677       1.6320       2.4277       2.4818       1.6552       2.5907
      28       1.9910       1.6837       3.2069       1.9396       1.7309       1.8222
      29       2.1153       1.9762       2.7412       1.7360       1.6091       1.1552
      30       1.8771       1.7816       2.3681       2.2807       1.5476       1.8286
      31       2.0765       2.0864       2.0443       2.8297       1.7604       2.4047
      32       2.0946       2.0827       2.2617       2.2150       1.7294       1.6906
      33       2.0161       2.0296       2.0238       2.2160       1.7093       1.8769
      34       1.8805       1.7894       2.3374       2.7382       1.6617       2.3202
      35       1.9339       1.8898       2.2164       2.5804       1.7250       1.8573
      36       1.9100       1.7589       2.6335       3.2251       1.5594       2.5900
      37       2.4064       2.1716       3.5439       3.4123       1.7116       2.0277
      38       2.0358       1.8848       2.8380       3.6613       1.6562       1.7220
      39       1.8896       1.7506       2.5611       2.5068       1.6728       1.3698
      40       2.1335       1.7078       3.7761       4.5649       1.5021       2.2086
      41       2.3800       2.0175       3.9244       4.6173       1.6881       1.8510
      42       2.3116       2.0190       3.6653       4.3824       1.5883       2.0352
      43       2.3765       2.0212       3.8928       4.2431       1.7304       2.1617
      44       2.1098       1.8645       3.1937       4.3064       1.6584       2.2486
      45       1.9907       1.8420       2.6927       3.8693       1.6245       2.8688
      46       2.0333       1.9786       2.3390       3.6543       1.7997       2.6614
      47       2.1751       2.1847       2.2722       3.6600       1.7657       3.0168
      48       2.0564       2.0612       2.1169       3.1782       1.7510       2.8898
      49       2.3118       2.2646       2.7763       3.8152       1.7651       2.8391
      50       1.9599       1.9315       2.1297       3.8517       1.8167       3.0019
      51       1.9611       1.9110       2.2028       4.5588       1.7459       3.5886
      52       1.9182       1.8609       2.1546       4.2835       1.8303       3.6294
      53       2.1213       2.1122       2.2367       5.2318       1.9048       4.9398
      54       2.2475       2.2513       2.3166       5.0261       1.8194       4.7644
      55       2.0976       2.1131       2.0543       5.0318       1.8177       4.6228
      56       2.5513       2.6155       2.3102       5.3966       1.6410       4.5479
      57       2.2675       2.2703       2.2836       4.7298       1.7322       4.3176
      58       2.1428       2.0876       2.4440       5.3978       1.8631       4.8863
      59       2.0678       1.9947       2.4090       5.7216       2.0072       5.1388
      60       2.1337       2.1552       2.0501       6.2552       1.7518       5.7604
      61       2.1689       2.2224       1.9366       5.1249       1.6108       4.4688
      62       2.1204       2.0074       2.6817       7.1410       1.8356       5.5180
      63       2.3442       2.2963       2.6263       6.6060       1.8804       5.2248
      64       2.1923       2.1720       2.4010       6.4738       1.8261       5.3437
      65       2.1048       2.0494       2.3622       6.1520       1.8600       5.0045
      66       2.0176       1.9022       2.5317       6.0604       1.8913       5.0657
      67       1.7952       1.7288       2.1210       6.0003       1.7100       4.7426
      68       2.0237       1.8852       2.7232       5.7036       1.8764       4.4336
      69       2.0951       1.9844       2.7172       6.5037       1.8205       5.2621
      70       2.3714       2.2741       2.9951       5.8741       1.7578       5.3964
      71       2.3807       2.3772       2.6130       6.2843       1.7881       5.3191
      72       2.4669       2.3815       3.0972       5.7844       1.7882       4.9853
      73       2.1875       2.1497       2.4340       5.8411       1.9405       4.7016
      74       1.8621       1.7740       2.2338       6.0227       1.9140       5.1460
      75       1.8200       1.8048       1.8920       5.8687       1.7517       5.4811
      76       1.8059       1.7741       1.9417       5.9001       1.8048       5.3864
      77       1.8038       1.6404       2.5356       5.8177       1.8385       5.1647
      78       2.2301       2.0625       3.0176       6.6672       1.9181       5.0120
      79       2.1334       2.0151       2.7231       7.3953       1.9223       5.8677
      80       2.0338       1.8969       2.5996       6.3528       2.0353       5.0264
      81       2.0319       1.9217       2.6408       5.9086       1.8549       5.0882
      82       1.8811       1.8170       2.2202       5.5415       1.7875       4.9843
      83       1.9312       1.8066       2.4754       6.1672       1.9526       5.4324
      84       2.1137       1.9346       2.9658       6.7878       1.9184       5.4558
      85       1.8693       1.7360       2.4868       5.7417       1.9524       4.9048
      86       1.8281       1.7881       2.0024       5.3071       1.8466       4.7764
      87       1.9941       1.9899       2.0322       5.7587       1.8696       5.5407
      88       1.8306       1.6992       2.4388       5.5668       1.8818       5.4897
      89       1.9825       1.7877       2.8054       4.8131       2.0331       5.1470
      90       1.9425       1.7610       2.8236       4.7298       1.8632       4.6895
      91       1.8227       1.7159       2.2914       4.5163       1.9023       4.4593
      92       1.9017       1.6797       2.7482       5.4815       2.0744       5.1765
      93       2.2029       1.8178       3.6262       5.4469       1.8648       4.9516
      94       2.4484       1.9638       4.2697       5.6682       1.9856       5.4892
      95       2.4852       1.8786       4.5434       7.1995       2.1226       6.0760
      96       2.3606       2.0797       3.5376       6.9990       1.9411       5.7027
      97       2.1625       2.0056       2.8335       5.8422       2.0889       5.2523
      98       2.5356       2.3115       3.4980       5.4862       2.0186       5.0797
      99       2.0718       1.8850       2.7796       5.4920       2.0308       4.7599
     100       2.3562       1.9535       3.8728       5.2877       2.1838       5.0226
     101       2.5103       1.9307       4.5933       6.0300       2.0154       5.0411
     102       2.3293       2.0375       3.5869       5.2853       1.8013       5.2918
     103       2.2640       2.0205       3.3371       4.8530       1.9342       5.0388
     104       2.5144       2.3983       3.1904       5.0404       1.6754       5.0054
     105       2.5152       2.3642       3.3255       4.6392       1.8013       4.5287
     106       2.2956       2.1797       2.8600       4.7469       1.9060       4.6088
     107       2.2450       2.1547       2.6730       5.5911       2.0734       5.1838
     108       2.0453       1.9301       2.5231       4.5763       2.0037       4.2954
     109       2.4828       2.4317       2.8608       5.5499       1.9571       5.3435
     110       2.3294       2.3307       2.3671       4.6828       1.8847       4.6112
     111       2.5315       2.4061       3.1327       5.1685       1.9732       5.1740
     112       2.6470       2.6817       2.5162       5.4669       2.0593       5.0104
     113       2.6600       2.7037       2.5086       6.3879       2.0951       5.8290
     114       3.0024       2.9902       3.1928       4.8067       2.3842       4.8629
     115       2.9011       2.9278       2.8775       4.5574       1.9164       3.9547
     116       2.3941       2.3520       2.6835       5.0194       2.0670       5.3234
     117       2.5003       2.5276       2.5374       4.8845       1.9122       4.6410
     118       2.2975       2.3123       2.3267       4.6641       1.8816       4.2498
     119       2.0467       1.9570       2.4908       5.0953       2.0441       5.1900
     120       2.2443       2.1988       2.5517       6.3082       2.0336       4.9844
     121       2.1512       2.1571       2.1970       6.2518       1.8482       5.6401
     122       2.1982       2.2043       2.1938       5.1288       1.9338       4.7403
     123       2.0745       2.0231       2.3440       4.4989       1.9330       4.4896
     124       2.2184       2.0732       2.8452       5.3803       1.8369       4.8323
     125       1.9114       1.8853       2.0386       4.8584       1.8898       4.6295
     126       1.8654       1.7477       2.3789       3.9206       1.7408       3.8372
     127       2.1892       1.9203       3.2302       3.7465       1.9060       3.5168
     128       2.2744       2.1716       2.8322       3.4236       1.7988       3.4002
     129       2.5628       2.2960       3.6575       3.8623       2.2014       4.1132
     130       2.4396       2.3185       3.0211       3.7298       2.1099       3.7600
     131       2.2057       1.8363       3.6005       3.8971       2.0947       4.2822
     132       2.1841       1.8340       3.4864       3.9102       2.0227       3.5362
     133       2.1289       1.9592       2.8410       3.6684       2.1681       3.9045
     134       2.3334       2.1368       3.2245       3.6427       2.1295       3.6644
     135       2.4933       2.3049       3.3645       3.2083       2.0259       3.2458
     136       2.4713       2.2654       3.3123       3.6000       2.1894       3.5689
     137       2.4351       2.1091       3.6954       3.3624       2.1366       3.3523
     138       2.5419       2.0249       4.3851       3.5437       2.0930       3.4068
     139       2.6410       2.0615       4.6254       3.5717       2.1612       3.5761
     140       2.4092       1.9867       3.9698       3.5832       2.1384       3.8097
     141       2.3478       2.0094       3.6870       3.4995       2.0348       3.4235
     142       2.3275       2.0104       3.5336       3.6711       2.0959       3.5157
     143       2.2543       1.9422       3.4893       3.8010       1.9866       3.9338
     144       2.4837       2.0789       4.0735       3.6752       1.8945       3.7028
     145       2.3204       1.8208       4.0413       3.5229       2.1631       3.5502
     146       2.4043       1.9636       4.0037       3.5325       2.1902       3.5009
     147       2.6118       2.0381       4.6533       3.9467       2.1570       4.0329
     148       2.3495       2.0433       3.6015       3.5732       1.9425       3.6329
     149       2.5338       2.2563       3.6704       3.7173       2.0530       3.8068
     150       2.3943       2.1186       3.4986       3.6933       2.1227       3.9038
     151       2.3264       2.1480       3.1233       3.7993       1.9424       3.6774
     152       2.4094       2.2265       3.1867       3.9580       2.2422       4.0214
     153       2.5652       2.2935       3.6605       3.9689       2.3421       3.9554
     154       2.7212       2.4815       3.8275       3.7875       1.9574       4.0812
     155       2.4574       2.0968       3.9077       3.9093       2.0536       3.7661
     156       2.2247       1.9193       3.4025       3.6315       1.9245       3.8861
     157       2.3072       2.1638       2.9292       3.7623       1.9176       3.5893
     158       2.2349       1.9067       3.4701       3.6583       2.0940       3.5879
     159       2.4384       2.0622       3.9727       3.9648       2.0393       3.6893
     160       2.3808       1.9669       3.9079       3.9026       2.1286       4.3710
     161       2.3317       2.0689       3.3906       4.3315       2.1720       4.2295
     162       1.9846       1.8294       2.5961       3.8228       2.0264       3.4285
     163       1.9485       1.8246       2.4347       4.0475       1.9756       3.8194
     164       2.0638       1.9808       2.4075       3.7045       2.1015       3.5814
     165       2.1994       2.1361       2.4787       3.8773       2.0579       3.5114
     166       2.3512       2.2281       2.8745       3.9441       2.0446       3.7304
     167       2.2925       2.2068       2.7221       3.6147       1.8929       3.5333
     168       2.5404       2.3735       3.3268       4.1290       1.9687       3.9199
     169       2.5571       2.1516       4.1245       4.0740       2.1163       3.8782
     170       2.4953       2.1483       3.8740       4.0562       2.1386       4.3103
     171       2.7362       2.3670       4.2583       4.3326       2.0252       4.1661
     172       2.7363       2.5829       3.4851       3.9998       2.1061       4.1972
     173       2.4683       2.1348       3.7344       3.8302       2.1207       3.9746
     174       2.2450       2.1610       2.6640       3.7200       1.8710       3.7394
     175       2.3844       2.2786       2.8963       3.9591       1.9166       3.5908
     176       2.4561       2.3712       2.8810       3.8413       2.1114       3.8737
     177       2.6234       2.6568       2.5190       4.0441       2.0030       4.0853
     178       2.2592       2.2581       2.2843       4.2014       1.8688       4.0451
     179       2.6553       2.5764       3.0500       4.1044       2.0020       3.8784
     180       2.7378       2.7710       2.6715       4.0180       1.9735       3.8916
     181       2.5857       2.5540       2.8339       4.1689       1.9180       4.0948
     182       2.2518       2.0168       3.1658       4.4021       2.0054       4.1513
     183       2.3383       2.1344       3.1626       3.9434       2.0345       3.9038
     184       2.3755       2.2323       2.9870       4.0936       2.0548       3.8354
     185       2.4274       2.2609       3.1967       4.0656       2.1455       3.8285
     186       2.4679       2.2860       3.2257       3.9256       2.2319       3.8254
     187       2.5139       2.2801       3.4688       3.9868       2.2899       4.0435
     188       2.3862       2.2852       2.8292       4.0031       2.2713       3.9861
     189       2.6317       2.5264       3.0964       3.8123       2.3092       3.9634
     190       2.4269       2.2805       3.0456       3.7982       2.1307       3.9015
     191       2.6059       2.5245       3.0124       3.8579       2.0525       3.7983
     192       3.2179       3.2816       2.9841       4.0688       1.9990       3.9388
     193       2.8217       2.8215       2.8853       3.5958       1.9627       3.7226
     194       2.5870       2.4434       3.2506       3.7288       2.0865       3.6830
     195       2.5067       2.1788       3.7409       3.6685       2.2497       3.8536
     196       2.4124       2.0715       3.7669       3.8462       2.0998       3.6903
     197       2.4189       2.0937       3.6558       3.6547       2.1894       3.8080
     198       2.6007       2.2792       3.9281       3.7045       2.1078       4.0961
     199       2.8511       2.6532       3.7836       3.9386       2.1680       4.2263
     200       2.9183       2.7045       3.8563       4.1197       2.1629       4.5501
     201       2.3731       2.0295       3.6250       3.8907       2.3284       4.4003
     202       2.6252       2.3750       3.6376       3.7762       2.3449       4.2329
     203       2.7203       2.3899       4.0073       3.8528       2.4851       4.3252
     204       2.6166       2.0227       4.6091       3.9318       2.2593       4.4442
     205       2.4547       2.1748       3.5993       3.4216       2.1101       3.8751
     206       2.5068       2.0006       4.3174       3.7193       2.1195       3.6943
     207       2.3356       2.1743       3.0648       3.9511       2.0761       3.8317
     208       2.1454       1.8942       3.1051       4.1031       2.0592       3.9755
     209       2.2516       1.9869       3.2524       3.5435       2.1404       3.5776
     210       2.3097       2.1598       2.9442       3.9605       2.1993       3.8173
     211       2.2925       2.1729       2.8471       4.1132       2.0058       4.1454
     212       2.2434       2.1199       2.8148       3.8899       1.9652       3.8036
     213       2.3699       2.2107       3.1186       4.0778       2.0529       4.0088
     214       2.3571       2.3298       2.5546       3.8044       2.0264       3.9222
     215       2.3591       2.3500       2.4282       3.6435       2.0446       3.1787
     216       2.4807       2.3857       2.9159       3.5374       2.1416       3.1990
     217       2.3005       2.2797       2.4573       4.2436       2.0630       3.3964
     218       2.2702       2.1726       2.6785       4.2839       2.1830       3.4775
     219       2.1863       2.1678       2.3156       4.1595       1.9934       3.6398
     220       2.2799       2.0457       3.2982       3.8758       2.1072       4.2239
     221       2.5532       2.5423       2.6705       4.4489       2.2089       4.3789
     222       2.6446       2.6625       2.6370       4.4893       2.1922       3.6665
     223       2.9442       3.0505       2.6013       4.6512       1.9863       3.7391
     224       3.4927       3.6200       3.2026       4.7198       2.1723       3.4776
     225       3.3766       3.5207       2.9312       4.2115       1.8942       3.6538
     226       3.5980       3.6738       3.5579       4.5872       2.0199       3.9092
     227       3.4742       3.4015       4.2197       4.3209       1.9488       3.7129
     228       2.8106       2.7625       3.1771       3.9602       2.0171       3.6680
     229       2.7711       2.7506       3.0925       3.8979       1.8972       3.6759
     230       2.6530       2.5616       3.2972       3.5471       2.0967       3.4036
     231       2.7109       2.5974       3.3689       3.7464       2.1318       4.0006
     232       2.5099       2.5282       2.4752       3.7794       2.0408       3.5942
     233       2.8732       2.7954       3.3529       3.8301       2.0082       3.8035
     234       2.6968       2.7240       2.6998       3.6351       2.0083       3.6695
     235       2.8176       2.8590       2.7296       4.1779       1.8971       3.8072
     236       3.2615       3.3081       3.1659       3.7959       2.0182       3.5613
     237       3.5437       3.6581       3.2026       4.8768       1.9906       4.3470
     238       3.2807       3.2955       3.4841       4.3106       2.0624       3.8433
     239       2.8846       2.8784       3.0651       4.1390       2.0806       3.8216
     240       2.9989       2.8912       3.7058       4.2205       2.0454       3.9157
     241       3.0276       3.0278       3.3999       4.4128       1.9380       3.5181
     242       3.2527       3.3348       3.1603       4.5598       2.0007       3.6701
     243       3.0198       3.0859       2.8382       4.1273       1.9443       3.9612
     244       3.2514       3.1177       3.9118       3.5804       2.3058       3.9252
     245       3.3181       3.0587       4.4561       3.9051       2.4092       4.2436
     246       2.7671       2.5916       3.5771       3.5170       2.0625       3.8067
     247       3.0586       2.5055       5.1611       3.7535       2.1586       3.7439
     248       2.7532       2.3446       4.4535       3.3137       1.9979       3.3045
     249       2.7479       2.4633       3.9990       3.2735       2.0497       3.4030
     250       2.8719       2.6537       3.8733       3.8285       2.1553       4.2313
     251       2.5258       2.3846       3.1442       3.7528       2.2401       3.9767
     252       2.3346       2.2085       2.8875       3.8945       2.0897       3.5467
     253       2.6411       2.6521       2.6681       3.9549       1.9333       3.3521
     254       2.3544       2.2491       2.9121       3.8855       1.9604       3.5043
     255       2.1689       2.0571       2.6538       3.9849       1.9712       3.5051
     256       2.2498       2.0449       3.1138       3.6423       2.1491       3.8414
     257       2.4432       2.2844       3.1262       3.1604       2.2059       3.2757
     258       2.8149       2.7166       3.3713       3.8945       2.0818       3.5917
     259       2.7537       2.6861       3.0851       4.0127       2.2743       3.9102
     260       2.7390       2.6416       3.2216       3.0680       2.1434       3.4828
     261       2.6244       2.5318       3.0592       3.4103       2.2424       3.5960
     262       3.0882       3.1292       2.9913       3.9414       2.1223       3.4540
     263       2.9288       2.9738       2.8110       3.5495       2.0852       3.4577
     264       2.9962       2.9742       3.2700       4.2469       2.0787       3.8951
     265       2.9969       2.9827       3.2317       3.8203       2.0479       3.4417
     266       3.3615       3.3451       3.5527       3.5869       2.1012       3.2117
     267       3.2377       3.1671       3.7283       3.3220       2.0373       3.7191
     268       3.2121       3.1458       3.6944       3.2603       2.0628       3.8533
     269       2.9384       2.7223       3.9034       3.3279       2.1294       3.7935
     270       2.6651       2.5373       3.2891       3.9783       2.1214       4.1653
     271       2.6983       2.5372       3.4648       3.8883       2.1110       3.9191
     272       2.7605       2.5686       3.5929       3.8388       2.2875       4.1968
     273       2.5788       2.4664       3.1200       3.5656       2.1772       4.1862
     274       2.7579       2.5694       3.6659       3.6841       2.1630       4.3702
     275       2.7265       2.6297       3.1948       3.9253       2.1364       4.0150
     276       2.9121       2.9156       2.9406       4.0209       2.2082       4.2203
     277       2.9479       2.8550       3.4134       3.9626       2.2785       3.8418
     278       2.6684       2.7139       2.5028       3.8911       2.0686       3.6120
     279       2.8856       2.8277       3.1790       3.6466       2.1600       4.1156
     280       2.9023       2.8444       3.2800       3.9483       2.0473       3.9254
     281       3.6227       3.5884       3.9245       3.2727       2.1408       3.9179
     282       3.5508       3.4929       3.9492       3.4016       2.0152       4.0161
     283       3.4198       3.0783       4.9209       3.4258       2.1856       3.6772
     284       3.2565       3.0966       4.1048       3.7193       2.1692       4.1014
     285       2.8541       2.6216       3.8962       3.6812       2.0914       3.8858
     286       3.5000       3.3679       4.2369       4.1759       2.1555       3.4805
     287       3.3356       3.2895       3.6735       4.3446       2.1743       4.5056
     288       3.8076       3.8017       4.0130       3.8052       2.1218       3.2961
     289       3.4456       3.1358       4.8868       3.6187       2.1459       3.9920
     290       3.5575       3.2248       5.0735       3.4261       2.1554       3.4193
     291       3.5625       3.2312       5.0899       3.4716       2.0816       3.3021
     292       3.1919       2.7138       5.0549       4.0391       2.2187       3.9834
     293       2.9875       2.5387       4.7230       4.2889       2.1471       4.1368
     294       3.5475       2.8071       6.2559       4.1951       2.2735       4.0545
     295       3.1073       2.3904       5.6377       4.3239       2.3356       4.1850
     296       2.8132       2.2356       4.9157       4.0943       2.0230       3.8354
     297       2.8366       2.3065       4.7715       4.1533       2.3480       3.9900
     298       2.8808       2.3739       4.7568       3.7442       2.3934       4.1092
     299       3.0201       2.7630       4.1325       4.0136       2.2235       4.0079
     300       3.0044       2.7728       4.0893       3.9193       1.9773       3.5704
     301       3.1051       2.8440       4.2709       4.0664       2.1741       4.0172
     302       3.2994       3.1499       4.1238       4.1150       2.1573       4.0936
     303       3.1854       2.9942       4.0748       4.3668       2.2956       4.5573
     304       3.1272       2.8992       4.1565       4.3448       2.4479       4.5488
     305       2.9946       2.6740       4.3269       4.3297       2.5144       4.8145
     306       2.8853       2.6540       3.9572       4.5449       2.3746       4.7094
     307       2.7764       2.4390       4.1237       4.2977       2.4220       4.6517
     308       2.8298       2.5743       3.8822       3.7918       2.4070       4.0549
     309       3.0798       2.9281       3.7612       3.8287       2.4311       3.9723
     310       3.5591       3.2455       4.9886       3.9719       2.3443       4.1381
     311       3.4154       3.1489       4.6217       3.4876       2.4209       4.0151
     312       3.6087       3.3893       4.6451       3.4906       2.5696       3.9378
     313       2.9494       2.9029       3.2352       3.8610       2.2122       3.7282
     314       3.4652       3.2348       4.5565       3.9745       2.4066       4.5005
     315       3.4505       2.9869       5.4142       3.9732       2.3629       4.1908
     316       3.3038       2.9273       4.8607       4.0955       2.3976       4.4758
     317       3.1978       2.6317       5.2931       3.8516       2.4222       3.7878
     318       3.2061       2.8619       4.6929       3.7822       2.3971       4.4251
     319       2.9054       2.4804       4.6066       3.6152       2.2759       4.2008
     320       2.7720       2.3997       4.2625       3.8440       2.2367       4.4119
     321       3.0378       2.4158       5.2757       3.8698       2.4019       4.0607
     322       2.8697       2.1910       5.2189       3.7002       2.2859       4.5864
     323       2.8486       2.3453       4.7489       3.5114       2.3372       3.7950
     324       2.6794       2.2354       4.2963       3.7268       2.5368       3.6637
     325       2.8474       2.6572       3.6993       3.4061       2.4460       3.5856
     326       2.8820       2.6670       3.8660       4.3302       2.2971       3.9870
     327       2.5416       2.3935       3.1955       4.2724       2.1332       3.9770
     328       2.6187       2.4996       3.2092       3.9435       2.0849       4.2492
     329       2.7357       2.5024       3.8284       4.2702       1.9970       4.3162
     330       2.5851       2.3752       3.5426       4.5769       2.0879       4.5479
     331       2.8006       2.5186       4.0736       4.0550       2.0774       4.0463
     332       2.9278       2.7822       3.6811       4.4258       2.0928       4.3016
     333       2.8579       2.7621       3.3753       4.5221       1.9659       4.3092
     334       2.9908       2.7507       4.1165       4.2209       2.0303       4.1559
     335       3.4714       3.4857       3.5481       4.1959       2.0528       4.2006
     336       3.6172       3.6823       3.4569       4.0692       1.8865       3.7260
     337       3.2554       3.1459       3.8861       4.0740       2.1145       4.3999
     338       3.6350       3.4213       4.7333       4.1506       2.0964       4.3192
     339       3.4292       3.4361       3.5047       4.5429       2.1601       4.2235
     340       3.0517       3.0558       3.1239       4.5076       2.1370       4.1448
     341       2.9422       3.0057       2.6789       4.2838       2.0100       3.6826
     342       3.1702       3.3490       2.2973       4.4062       1.8698       3.7623
     343       2.6526       2.6618       2.6528       4.1030       2.0892       3.5105
     344       2.6696       2.6905       2.6742       4.3396       2.0110       3.7270
     345       3.0297       3.0404       3.0698       4.3735       2.1052       4.2550
     346       2.8398       2.9088       2.5648       4.6135       2.0672       3.8997
     347       2.8754       2.9365       2.6291       5.1972       2.0930       4.3642
     348       2.8825       2.9482       2.6151       5.2918       2.0819       4.3222
     349       3.3224       3.4275       2.9969       4.9686       2.0048       4.4339
     350       3.2264       3.3250       2.8243       4.5443       1.9975       3.5593
     351       2.8740       2.8905       2.8445       4.8523       2.0303       3.8837
     352       3.0983       3.1440       2.9568       4.2362       2.0803       3.0443
     353       3.0928       3.2251       2.4652       3.8519       2.0837       3.1397
     354       3.1363       3.2528       2.6177       4.2634       2.0444       3.8087
     355       2.9038       2.9286       2.8648       4.1571       2.0394       3.7762
     356       2.8248       2.7078       3.4102       4.0595       2.0681       4.2255
     357       3.1919       3.1600       3.4885       3.2327       2.0245       3.0859
     358       3.1212       3.2321       2.6753       3.3925       1.9762       3.1825
     359       2.6201       2.6428       2.5858       3.0575       1.9623       2.9273
     360       2.6327       2.4400       3.4790       3.1108       2.1804       3.2452
     361       2.6202       2.5899       2.8479       3.0274       1.9853       3.1700
     362       2.7493       2.6978       3.0812       3.6935       2.0266       3.6500
     363       2.7630       2.7211       3.0931       3.6486       1.9960       3.6389
     364       2.7991       2.7982       2.9182       3.8731       2.0863       3.8710
     365       3.1930       3.1030       3.8804       4.1312       2.0430       4.2458
     366       3.2841       3.2467       3.7644       4.0239       1.9794       3.8739
     367       2.7883       2.8338       2.6892       3.8890       2.0098       3.8278
     368       2.8080       2.7622       3.1037       4.0429       1.9604       3.9006
     369       3.0172       3.0652       2.9037       4.0605       2.0003       3.9932
     370       2.9252       2.8882       3.1704       4.1840       2.2025       4.0168
     371       3.4417       3.4943       3.3432       4.0763       2.0222       4.0153
     372       2.9662       2.9966       2.9161       3.8782       2.0587       3.7063
     373       3.0445       3.1124       2.8183       3.7736       1.9990       3.3170
     374       3.1888       3.2416       3.1275       4.0153       2.0505       3.4269
     375       3.0471       3.1370       2.7688       4.0612       1.9748       3.8795
     376       3.0666       3.2143       2.3880       4.3194       2.0585       3.9723
     377       2.7683       2.8717       2.3183       4.5443       1.9909       4.2630
     378       2.6661       2.7197       2.5010       3.8265       2.0152       3.4685
     379       2.9569       3.0110       2.7502       4.0792       2.1233       3.5585
     380       2.5948       2.5702       2.8089       4.4222       2.1236       3.7522
     381       2.3519       2.2210       3.0536       4.9803       2.0705       3.7044
     382       2.1175       2.0902       2.2508       4.1337       1.9776       3.6727
     383       2.3086       2.3251       2.2623       4.1320       1.9202       3.6895
     384       2.2652       2.2469       2.4011       4.1257       1.9645       3.8909
     385       2.1883       2.1746       2.3199       4.9323       1.8082       4.1773
     386       2.2876       2.2305       2.7227       5.4126       1.7694       3.9113
     387       2.2186       2.1954       2.4146       5.0213       1.8104       3.8391
     388       2.4529       2.4075       2.7565       4.7316       1.9723       3.8871
     389       2.2180       2.0298       3.1118       5.0959       2.1082       4.3720
     390       2.3075       2.1033       3.2713       4.7368       2.0239       3.7175
     391       2.1005       1.9553       2.8307       4.5394       1.9101       4.0111
     392       2.2802       1.9167       3.7205       4.2166       2.0458       4.2366
     393       2.2086       2.0071       3.0929       4.1714       1.9362       4.0762
     394       2.2841       2.1047       3.1630       4.2380       2.0634       4.2623
     395       2.1259       1.8332       3.2859       4.0353       1.9858       3.9700
     396       2.1080       1.8182       3.3048       4.1544       2.0715       4.3191
     397       2.4357       2.3750       2.7660       3.8327       2.1110       3.8882
     398       2.3693       1.9908       3.8624       4.0698       1.9449       4.1704
     399       2.0841       1.9093       2.8662       4.1915       1.8399       3.5433
     400       2.1542       2.0261       2.7361       4.2679       1.9440       4.0911
     401       2.1516       2.0906       2.4656       4.3309       1.8826       4.2546
     402       2.0103       1.9920       2.1221       4.7465       1.8412       4.7127
     403       1.9454       1.9051       2.1579       4.8161       1.9859       4.4013
     404       2.0555       1.8926       2.7359       4.4360       1.9257       4.2993
     405       1.9809       1.7728       2.8089       3.9036       1.9345       3.7774
     406       1.8477       1.5908       2.8123       4.5110       1.9293       4.7476
     407       1.8922       1.6699       2.7465       3.9766       2.0077       4.2203
     408       1.9455       1.7381       2.8142       4.0209       1.8912       3.9541
     409       1.9269       1.6243       3.1095       2.5486       1.9404       2.8511
     410       2.0802       1.8655       3.0054       3.9863       1.9096       3.5972
     411       1.9809       1.8616       2.5630       3.5422       1.9652       3.6353
     412       1.9826       1.8415       2.6225       3.3918       1.8524       3.4289
     413       2.0656       1.8204       3.0805       3.5481       1.8618       3.6505
     414       2.3696       2.0860       3.6009       3.0220       1.9197       3.1148
     415       2.1450       2.0760       2.4905       3.4205       1.8141       3.3681
     416       2.6004       2.4664       3.3766       3.4512       2.0379       3.5089
     417       2.4161       1.9965       4.0423       3.8111       2.0255       3.9187
     418       2.2785       1.9923       3.4852       3.9878       1.8360       4.2374
     419       2.3395       2.1271       3.2856       4.3841       1.8836       3.8348
     420       2.4740       1.9443       4.4698       4.5251       1.7245       3.7828
     421       2.4068       1.7942       4.5530       4.4239       1.8902       3.9337
     422       2.2173       1.6403       4.1998       4.8765       1.9495       4.9076
     423       2.1834       1.6565       4.0301       4.4662       1.9141       4.0669
     424       2.2826       1.7019       4.2934       4.5481       1.9203       3.6967
     425       2.0350       1.5704       3.7010       4.5215       1.8597       3.8118
     426       2.2322       1.6464       4.2203       4.9164       1.8278       3.9382
     427       2.3054       1.5916       4.5087       4.1105       2.0083       3.8867
     428       2.4414       1.8791       4.4145       4.3717       1.9605       3.9650
     429       2.5330       1.7699       4.9876       3.8831       1.9797       3.5202
     430       2.4982       1.8296       4.7861       3.8696       1.6841       3.4580
     431       2.3655       1.8684       4.2494       3.7954       1.6139       3.7506
     432       2.5081       2.2492       3.7637       3.6696       1.7102       3.7927
     433       2.1884       1.9642       3.2292       3.5483       1.7369       3.7628
     434       2.0349       1.7869       3.0793       4.1423       1.5732       3.7360
     435       2.1776       2.0188       3.0403       2.6955       1.6927       2.4127
     436       2.1475       1.9168       3.2212       4.0540       1.8628       3.7920
     437       2.0924       1.8608       3.1330       4.1979       1.7039       3.1552
     438       2.3360       2.1560       3.2994       4.1774       1.8542       2.7459
     439       2.0941       1.9606       2.7312       3.4598       1.8458       3.2610
     440       2.3520       2.1021       3.5134       4.1223       1.8188       3.5593
     441       2.3619       1.9671       4.0348       3.2513       1.7479       3.6099
     442       2.4227       2.1234       3.7900       3.3373       1.7964       3.1283
     443       2.2782       1.7627       4.0818       2.7542       1.9294       3.1442
     444       2.5967       2.0279       4.7044       2.6853       2.0711       3.5990
     445       2.0021       1.7296       3.0542       4.3714       1.9771       3.8961
     446       2.0617       1.8238       2.9865       3.9659       1.8303       3.4455
     447       2.2977       2.0324       3.4877       3.9457       1.8189       3.9345
     448       2.2014       1.9021       3.4755       3.5618       1.8472       3.8195
     449       2.2119       1.8234       3.6891       4.2107       2.0040       4.3859
     450       2.3127       1.7753       4.2043       4.1532       1.9583       4.0951
     451       2.0701       2.0276       2.3062       4.2269       1.7921       3.9872
     452       2.1617       1.9533       3.1227       4.3174       1.8060       3.6596
     453       2.1911       2.0572       2.9182       4.8822       1.7866       4.1372
     454       2.3637       2.2586       2.8541       5.0534       1.8640       4.1823
     455       2.3304       2.1114       3.2959       5.3607       1.9625       4.6111
     456       1.9748       1.7847       2.8468       4.2226       1.7964       3.7957
     457       2.0610       2.0132       2.3116       4.0934       1.8821       3.8360
     458       2.0814       1.9989       2.5090       3.7262       1.8972       3.7789
     459       2.2886       2.2445       2.5389       3.8107       1.9845       3.5280
     460       2.3513       2.1503       3.2211       4.0092       1.9129       3.5757
     461       2.1494       1.9231       3.0999       3.8117       1.8475       3.4973
     462       2.1320       1.9714       2.8594       3.8530       1.8761       3.6996
     463       2.2425       2.1573       2.7053       3.3531       1.8752       3.3199
     464       2.1891       1.9776       3.1699       2.7395       1.8013       2.6490
     465       2.0789       1.9473       2.7056       3.1362       1.7799       2.9262
     466       2.1779       2.0246       2.9271       2.7588       1.8565       2.5928
     467       2.2672       2.2271       2.4861       3.1279       1.8891       2.9156
     468       1.9625       1.8887       2.2758       2.9247       1.8427       2.5353
     469       2.0365       1.9817       2.3243       2.3312       1.7799       2.1637
     470       2.4195       2.3100       2.9741       3.0064       1.7970       2.3262
     471       2.1736       2.1423       2.3699       2.3464       1.7653       1.9304
     472       2.4165       2.1724       3.4828       3.3944       1.8682       2.4812
     473       2.2808       2.0861       3.1991       3.3860       1.8848       3.0662
     474       2.2647       2.0133       3.3115       3.8834       1.9077       3.2961
     475       2.1870       1.9715       3.1153       3.4740       1.8829       2.9754
     476       2.3462       1.8600       4.0779       3.4298       1.8144       2.9245
     477       2.4850       2.1276       4.0103       3.0392       1.9545       2.7142
     478       2.4090       2.0606       3.8997       3.5508       1.8555       2.8461
     479       2.3769       1.9497       3.9729       2.6461       1.8823       2.3723
     480       2.2173       1.9653       3.1972       3.1827       1.9613       2.3642
     481       2.3678       2.2076       3.1932       2.8223       1.9044       2.3893
     482       2.4709       1.9524       4.4358       3.3395       1.9391       1.8939
     483       2.5743       1.6778       5.3363       3.6389       1.8521       1.9719
     484       2.5964       2.0418       4.6144       2.9886       1.9554       2.0667
     485       2.4072       1.8435       4.4445       3.0285       1.7903       2.0951
     486       2.6075       2.1757       4.4113       2.7092       1.7672       2.0331
     487       2.2485       1.9070       3.6426       2.5285       1.7824       2.2097
     488       2.3635       1.9232       4.0488       4.0562       1.7582       2.6710
     489       2.6076       2.2171       4.2570       3.9169       1.7042       2.9102
     490       2.3134       2.1230       3.2845       3.4639       1.7506       2.6043
     491       2.1976       2.1495       2.4780       3.5909       1.8147       3.2234
     492       2.1276       1.9442       2.9862       3.2371       1.7902       2.7602
     493       2.2061       2.1485       2.5771       3.2277       1.7691       2.7959
     494       2.2020       2.1307       2.5475       4.2723       1.7725       3.3834
     495       2.2733       1.9411       3.5883       4.5098       1.8881       3.7747
     496       2.0468       1.7636       3.2247       4.2545       1.7232       3.6485
     497       2.2942       1.6903       4.2887       5.2877       1.8502       4.0849
     498       2.4690       1.9673       4.3769       4.2367       1.7116       3.2742
     499       2.5070       2.0907       4.1520       3.8061       1.8281       3.0254
     500       2.4610       2.1866       3.6258       4.5289       1.8955       3.5356
     501       2.3903       2.3078       2.8736       4.3186       1.6657       3.8495
     502       2.4239       2.0282       4.0270       4.9926       1.7401       4.2738
     503       2.2492       1.8984       3.6441       4.9116       1.9651       4.0206
     504       2.1727       1.8481       3.4035       5.5042       1.9413       4.2800
     505       2.0052       1.6114       3.4370       4.8603       1.7417       3.8463
     506       2.2374       1.9742       3.3400       4.5398       1.7671       3.7540
     507       2.1438       1.9348       3.0317       4.9499       1.8250       3.5568
     508       2.2211       2.0868       2.8851       4.8843       1.8858       3.9668
     509       2.1460       2.0200       2.6819       4.9450       1.8368       4.1448
     510       2.1874       2.0130       2.9768       5.1673       1.9686       4.0817
     511       2.1719       2.0605       2.7420       5.2066       1.7732       4.1823
     512       1.9769       1.7527       2.9242       4.8411       1.7457       4.1384
     513       2.0541       1.8631       2.8633       4.7307       1.9642       4.0655
     514       2.2616       2.1296       2.8850       4.9989       1.8679       3.8436
     515       2.2708       1.8980       3.6036       6.1243       1.9826       4.5192
     516       2.2812       2.1733       2.7541       6.1542       1.9608       4.8125
     517       2.3721       2.0190       3.7781       6.3035       1.9285       4.5228
     518       2.3299       1.8906       4.0221       6.1032       2.0095       4.6935
     519       2.4538       2.0222       4.0843       5.5189       1.9460       4.0146
     520       2.7566       2.4110       4.2917       5.9102       1.9618       4.2184
     521       2.5775       2.4404       3.3794       4.7656       1.8984       4.0783
     522       2.2480       2.0079       3.3268       5.1413       1.8221       4.1287
     523       2.3517       2.1813       3.2388       5.5333       1.9463       4.1011
     524       2.6130       2.2979       4.0216       6.3430       2.0936       4.5031
     525       2.4088       1.8368       4.4375       7.1632       2.0916       5.4841
     526       2.3429       2.0489       3.5360       6.5160       2.0868       5.1531
     527       2.1214       1.9060       3.0145       5.5647       2.0871       4.8337
     528       2.5397       1.9290       4.6308       6.2267       2.3845       5.5174
     529       2.6089       1.8187       5.0967       6.4648       2.2564       5.6258
     530       2.5804       1.7046       5.2817       5.6298       2.2769       5.4556
     531       2.3749       1.7136       4.4757       5.0752       2.1968       4.3519
     532       2.6096       1.9947       4.7914       6.2857       2.2844       4.8301
     533       2.7689       1.9173       5.4862       6.3759       2.3254       4.4261
     534       2.5150       1.6684       5.0681       6.2845       2.3248       4.9884
     535       2.8349       1.7384       5.9837       7.4798       2.3411       5.2999
     536       2.7976       1.6695       5.9408       6.7635       2.3052       5.5587
     537       2.9629       1.8000       6.2725       6.6240       2.3557       4.4730
     538       2.8869       1.8360       5.9506       6.7806       2.1481       5.2364
     539       2.7527       2.0158       5.1431       6.7402       2.3264       6.2344
     540       2.8648       2.3384       4.7712       6.7589       2.3460       5.8416
     541       2.9635       2.3464       5.1181       7.5743       2.1480       6.3868
     542       2.6067       2.2497       3.9333       6.6173       1.9360       5.3771
     543       2.6756       2.3087       4.0844       6.1911       2.2167       5.1047
     544       2.6695       2.4718       3.5259       6.8434       2.1391       6.2345
     545       2.4737       2.4068       2.8111       5.6492       1.9555       5.1309
     546       2.1504       1.9534       2.9323       6.2202       2.1496       5.3098
     547       2.4471       2.2049       3.4501       5.9716       2.2798       5.3787
     548       2.6389       2.4694       3.4479       6.3381       2.0702       5.7430
     549       2.7062       2.4907       3.6625       6.4187       2.0099       5.7961
     550       2.6226       2.4913       3.2093       6.9249       2.1373       6.2772
     551       2.7434       2.7390       2.7954       7.6094       2.0024       6.4351
     552       2.8764       2.7481       3.4652       6.4450       2.1059       5.3436
     553       2.9061       2.6717       3.8560       6.8701       2.3018       5.6141
     554       3.2000       3.1332       3.5992       6.7593       2.2302       5.0041
     555       3.4102       3.4448       3.3312       6.3166       2.1082       4.7877
     556       3.4844       3.5822       3.1204       7.0028       2.0923       5.2774
     557       3.6631       3.7929       3.1384       6.7656       2.1539       5.1312
     558       3.9738       4.0716       3.5891       6.1081       2.1948       4.3942
     559       3.9839       4.0870       3.5706       6.5031       2.1085       4.7528
     560       3.9338       4.0953       3.2979       6.3419       2.0542       4.6307
     561       3.8323       3.9626       3.2942       6.3747       2.1392       4.8737
     562       3.7179       3.7720       3.6048       6.8523       2.1928       4.9780
     563       3.2278       3.2817       3.0580       6.4303       2.1058       5.0435
     564       3.4562       3.5694       2.9963       5.8558       2.0695       4.7946
     565       3.6653       3.6887       3.6700       5.8898       2.2135       4.8436
     566       3.4515       3.5636       2.9821       5.6402       2.1995       4.6190
     567       3.4826       3.6034       2.9920       5.3313       2.1918       4.2779
     568       3.1804       3.2098       3.1816       5.1734       2.2643       4.1593
     569       3.1344       3.0844       3.5980       5.3145       2.1855       4.8021
     570       2.6309       2.5461       3.0129       4.7549       2.1932       4.1683
     571       2.9628       2.7329       3.9492       5.1956       2.4613       4.6792
     572       3.1055       3.0472       3.4503       6.3143       2.1562       4.9845
     573       2.6634       2.5311       3.3433       6.3234       2.0810       5.2168
     574       2.5799       2.5172       2.9280       5.4842       2.0813       4.7698
     575       2.6326       2.5703       2.9835       6.2826       2.2993       5.2993
     576       2.8885       2.7320       3.7689       7.2338       2.1405       5.5410
     577       2.8944       2.7326       3.6550       7.1316       2.1336       5.6490
     578       2.9009       2.7883       3.4608       6.9101       2.1493       5.8717
     579       3.4885       3.4313       3.8338       6.7476       2.1783       5.5264
     580       3.2713       3.0676       4.1982       6.4654       2.0955       4.9946
     581       3.1865       2.9308       4.2870       6.4580       2.1315       4.9488
     582       2.7944       2.5575       3.8204       6.2853       2.1623       5.0748
     583       3.6005       3.1680       5.4217       7.6647       2.3440       5.6433
     584       3.6794       3.2707       5.4821       6.6361       2.1310       5.0478
     585       4.0044       3.6006       5.8249       7.7088       2.2603       5.7478
     586       4.1323       3.6857       6.1370       8.0975       2.3406       5.9629
     587       4.4345       4.0957       6.1528       7.9661       2.3127       5.8147
     588       4.3415       4.1625       5.4401       8.1980       2.3396       6.2869
     589       4.6083       4.2274       6.4569       7.8281       2.1050       5.7866
     590       3.8190       3.4369       5.4317       8.4731       2.3678       6.4536
     591       3.5088       3.2705       4.7493       7.3025       2.1369       5.6735
     592       3.6351       3.2889       5.3031       7.2791       2.1194       5.4406
     593       3.5342       3.2715       4.7418       7.7693       2.3585       5.8381
     594       3.8964       3.6879       4.9712       7.2513       2.2791       5.6176
     595       3.5925       3.3955       4.5922       6.6926       2.2799       5.3589
     596       3.1576       2.9112       4.2412       7.0067       2.3262       6.1229
     597       3.3213       3.1342       4.2937       7.1060       2.0216       6.0763
     598       3.3439       3.0528       4.7703       7.0890       2.1218       6.1471
     599       3.3973       3.0318       5.0736       7.0887       2.1225       6.4589
     600       2.9606       2.4477       4.9140       7.2412       2.0556       6.4916
     601       3.4575       2.7623       6.1227       8.2082       2.0677       6.8372
     602       3.7764       3.0090       6.7165       7.7480       2.1427       6.3518
     603       3.1826       2.5394       5.6026       7.6940       2.0428       6.4887
     604       3.2310       2.6465       5.3989       7.3675       2.1599       6.0587
     605       3.1260       2.6669       4.8887       7.2717       2.2445       6.2670
     606       2.7863       2.6148       3.6225       7.2449       2.0083       6.6634
     607       2.7996       2.7329       3.2340       6.8379       1.9540       6.1464
     608       2.9071       2.8376       3.3080       7.2414       2.0752       6.4995
     609       2.9062       2.6513       4.0035       7.3814       2.1632       6.5740
     610       2.8455       2.3213       4.8335       6.9464       2.1098       6.0442
     611       2.5999       2.0623       4.5160       7.0159       2.1287       6.5758
     612       2.4447       2.0395       4.0086       7.5473       1.9972       6.8377
     613       2.4827       2.1087       3.9594       6.5047       1.9157       6.1678
     614       2.5458       2.1883       3.9756       6.4121       2.1465       6.4041
     615       2.5456       2.1855       3.9619       7.3620       2.2368       6.6844
     616       2.5675       2.2782       3.8068       8.0324       2.2347       7.1450
     617       2.4603       2.1989       3.6910       7.2046       2.0826       6.3601
     618       2.3118       1.9894       3.6464       7.4269       2.1903       6.3892
     619       2.3213       2.0892       3.3711       8.1399       2.2109       6.9265
     620       2.5503       2.2813       3.7815       7.5793       2.1474       6.6349
     621       2.6652       2.4846       3.5050       7.7969       2.1703       6.5542
     622       2.9732       2.9921       3.0340       6.8841       2.0866       6.0939
     623       2.7019       2.6271       3.1083       7.2976       2.0927       6.0527
     624       2.9632       2.9128       3.2428       7.7277       2.1595       6.6961
     625       2.7621       2.6444       3.3303       7.0949       2.1903       6.3934
     626       2.8697       2.8129       3.1568       7.6116       2.2813       6.5106
     627       3.0377       2.9682       3.4336       7.8221       2.3625       6.4925
     628       3.3164       3.3260       3.4533       7.9655       2.2963       6.4966
     629       3.0986       3.0209       3.6174       7.7640       2.4071       6.2194
     630       2.9753       3.0503       2.6887       7.5160       2.0220       6.2598
     631       2.9171       2.9374       2.8876       6.9069       2.2038       5.8301
     632       3.0194       3.0088       3.1783       7.6634       2.2092       6.3882
     633       2.9136       2.9737       2.7062       7.3131       1.9240       6.5444
     634       3.0920       3.0725       3.2685       7.7989       2.1268       6.6154
     635       2.8782       2.8060       3.2729       7.7674       1.9623       6.5574
     636       2.8584       2.5604       4.0936       7.7885       2.0049       6.7319
     637       2.7913       2.4081       4.3259       7.2234       1.8816       5.9985
     638       2.8513       2.4168       4.5341       7.6390       2.0198       6.2540
     639       3.0302       2.6808       4.5410       7.8389       2.0619       6.4988
     640       3.0418       2.8890       3.8726       7.3596       1.9810       6.4769
     641       2.7365       2.6430       3.2611       7.2314       1.9115       6.4711
     642       2.9386       2.8265       3.5579       7.9147       1.9668       6.2426
     643       3.0934       3.0669       3.3728       7.3581       1.9222       6.3765
     644       2.8506       2.9170       2.6297       7.7394       1.8394       6.4718
     645       2.9329       2.9160       3.2288       8.8696       1.9005       6.7292
     646       2.9158       2.8432       3.3423       7.9601       2.0420       6.4850
     647       2.7821       2.6159       3.6996       8.1796       1.9763       6.6627
     648       2.9244       2.8981       3.2033       7.5076       1.9894       6.3935
     649       2.8991       2.8950       3.1311       7.7036       2.0887       6.4378
     650       2.6173       2.5878       3.0312       7.9185       1.8641       6.6406
     651       2.9590       2.6840       4.5164       8.9755       1.9588       6.5962
     652       2.7687       2.6075       3.7875       7.8616       1.8477       6.2644
     653       2.7936       2.7347       3.2896       8.0652       1.9023       6.5377
     654       2.8496       2.8454       3.0467       7.9771       1.8271       6.8429
     655       2.9034       2.8880       3.0918       8.2712       2.0352       6.9823
     656       2.6805       2.6412       2.9600       7.6031       1.8940       6.3188
     657       2.3401       2.2434       2.9383       7.0445       1.9459       6.1815
     658       2.2213       1.9438       3.3870       6.5537       1.9930       6.2050
     659       2.5330       2.2932       3.6108       6.7234       2.1242       5.9942
     660       2.4985       2.1134       4.0211       6.6065       2.1739       6.1265
     661       2.3931       2.0979       3.6430       7.6612       2.0270       6.7003
     662       2.4897       2.1585       3.9739       7.8712       2.0137       6.2831
     663       2.4440       2.0208       4.0502       7.7765       2.1797       6.5922
     664       2.2906       2.2048       2.7391       5.9819       1.9576       5.4998
     665       2.2497       2.1108       2.8617       6.3627       2.0318       5.9703
     666       2.4091       2.3178       2.8746       6.1433       2.0786       5.6416
     667       2.9114       2.7531       3.6568       6.7048       2.1788       6.0417
     668       2.8261       2.7355       3.2953       6.3843       2.0211       5.2659
     669       3.0034       2.8574       3.7441       6.9282       1.8731       5.7043
     670       2.9130       2.7584       3.6444       7.3060       2.0878       6.1585
     671       2.5062       2.3798       3.0369       6.7740       1.9935       6.1075
     672       2.4300       2.2861       3.1003       6.9152       1.9491       6.0316
     673       2.2093       1.9965       3.1025       6.7132       2.0053       6.2598
     674       2.3467       1.9379       3.8293       7.1693       2.0284       6.5227
     675       2.5998       2.3637       3.6535       7.3143       2.0802       6.4080
     676       2.7003       2.3182       4.2590       6.8617       1.9111       6.0705
     677       2.6117       2.2972       3.9086       6.2799       2.0485       5.6379
     678       2.1750       1.8063       3.4764       7.0528       2.0495       6.4707
     679       2.1965       1.9709       3.1263       6.4255       1.8309       5.9394
     680       2.3984       2.1705       3.4347       7.2561       1.9032       6.7523
     681       2.3025       1.9341       3.7168       7.8761       1.9480       6.8470
     682       2.1512       1.6628       3.7768       7.6984       2.1478       7.1827
     683       2.4312       1.9203       4.2429       6.8737       2.0749       6.1349
     684       2.5053       1.7554       4.9129       7.3422       2.1606       5.9857
     685       2.4411       1.7979       4.5662       7.2082       2.0272       6.0129
     686       2.5546       1.8264       4.8491       6.9869       2.2540       5.6270
     687       2.3637       1.7687       4.3510       6.5219       2.1545       5.8148
     688       2.6830       2.2008       4.4366       7.0946       2.2056       6.0084
     689       2.4997       2.1161       3.9551       7.2614       2.1636       6.2691
     690       2.5148       2.2130       3.7551       6.8218       1.9814       6.1379
     691       2.6831       2.3128       4.1106       7.2305       2.2757       6.2792
     692       2.6281       2.4090       3.5711       6.6238       2.0642       5.7454
     693       2.6601       2.0714       4.6812       6.5593       2.3359       5.9944
     694       2.7662       2.1011       5.0044       7.0850       2.0788       6.0140
     695       2.8158       1.7670       5.8161       7.5996       2.3672       5.7585
     696       2.7357       1.8868       5.4119       7.3604       2.1300       6.0853
     697       2.6580       1.9851       4.8575       6.6861       2.1319       5.8636
     698       2.7150       2.2176       4.5288       7.2333       2.1621       6.1884
     699       2.9414       2.7620       3.8472       7.5159       2.0765       6.2704
     700       3.3479       3.0107       4.7933       8.3998       2.1150       6.6642
     701       3.0937       2.8398       4.2616       8.3594       2.0822       6.9968
     702       3.1744       2.5820       5.2985       8.6354       2.2258       6.4988
     703       3.2097       2.7916       4.9008       7.5624       2.1109       5.7135
     704       3.0710       2.7554       4.4057       7.1065       2.1089       5.7775
     705       3.3276       2.9806       4.7923       7.5366       1.9578       6.2250
     706       3.3896       3.3019       3.8124       7.7651       2.2623       6.4374
     707       2.9266       2.8545       3.3032       7.7012       1.8707       6.8732
     708       2.7530       2.6718       3.1936       7.4357       1.8651       6.6293
     709       3.3439       3.1899       4.1732       7.1859       1.8912       5.9664
     710       3.0492       2.8980       3.8047       6.9196       1.9529       6.1082
     711       2.9265       2.7430       3.7973       6.4127       2.1103       5.5073
     712       2.7690       2.6283       3.4930       6.6199       1.9929       6.0035
     713       2.9471       2.6687       4.1396       7.1949       2.0597       6.4674
     714       2.5512       2.5553       2.5771       6.8018       1.9031       6.2694
     715       2.5483       2.5656       2.5274       5.6577       1.8140       5.2466
     716       2.7554       2.8430       2.3877       6.6383       1.8045       5.7785
     717       3.1923       3.2782       2.8626       6.2376       1.9391       5.4335
     718       2.4726       2.4274       2.6826       6.6206       2.0446       6.1284
     719       2.8784       2.8449       3.1197       6.6913       2.0026       6.1591
     720       2.8728       2.6777       3.7825       6.7041       1.9443       6.0514
     721       2.4682       2.0273       4.0308       7.3237       2.0078       6.4295
     722       2.6279       2.4191       3.6148       6.8776       1.9708       6.0858
     723       2.5950       2.4114       3.4581       6.5321       1.8873       5.6418
     724       2.3618       2.1847       3.1526       5.8046       1.8651       5.2310
     725       2.3980       2.1416       3.4114       7.1767       1.9003       6.2040
     726       2.5398       2.2887       3.5760       7.1339       2.0481       6.3030
     727       2.5467       2.1526       4.0148       7.7238       2.1650       6.6830
     728       2.5525       2.3077       3.6313       6.8293       1.7081       5.7679
     729       2.7539       2.4180       4.0793       7.9355       2.0561       6.0781
     730       2.5463       2.0253       4.3697       7.1538       2.1597       6.0978
     731       2.6898       2.1973       4.5079       7.3221       2.0921       6.4277
     732       2.7732       2.3221       4.4922       7.0322       2.1556       6.0380
     733       3.0631       2.6324       4.7520       7.9271       2.2403       6.2733
     734       2.9695       2.6286       4.3119       8.0587       2.2378       6.4378
     735       2.7154       2.3944       4.0104       7.5217       2.0531       6.3844
     736       2.9640       2.6186       4.3708       7.8677       2.1060       6.2481
     737       2.6871       2.2758       4.2148       7.7567       2.0524       6.3836
     738       2.5394       2.2165       3.7593       7.3554       2.0935       6.3393
     739       2.6469       2.3778       3.7746       5.7975       2.1669       4.7758
     740       2.6409       2.1982       4.2770       6.3154       2.0823       5.4392
     741       2.2964       2.0705       3.2484       5.9978       1.9477       5.6092
     742       2.4663       2.1556       3.7372       6.9655       1.8582       6.2080
     743       2.4821       2.2520       3.4638       6.5194       1.8411       5.5596
     744       2.6677       2.4772       3.5154       6.9477       1.7834       5.8741
     745       2.2500       1.8549       3.6905       6.1086       2.0155       5.3995
     746       2.7746       2.5090       3.9194       6.7312       2.0406       5.9060
     747       3.2021       3.0945       3.7752       6.7473       1.9700       5.3530
     748       3.0875       3.0682       3.3464       6.1587       1.9022       5.1146
     749       3.0821       2.9451       3.8246       6.7311       1.8430       5.9705
     750       3.3568       3.2606       4.0146       6.4125       1.8870       5.3145
     751       3.0613       3.0272       3.3644       6.7332       1.9090       5.4725
     752       2.8580       2.9376       2.5662       6.7060       1.8669       5.4315
     753       2.8185       2.8433       2.8039       6.6682       1.9123       5.1764
     754       3.1433       3.2492       2.6846       5.7940       1.9721       4.7111
     755       3.1152       3.2163       2.7118       6.1960       1.8439       5.2170
     756       2.8258       2.6698       3.5234       6.2319       2.0342       4.8802
     757       2.5099       2.4330       2.8993       5.7996       1.9794       4.7307
     758       2.2086       2.1178       2.6247       5.7735       1.8987       4.7821
     759       2.6764       2.4558       3.6027       6.8097       2.0666       5.1182
     760       2.4338       2.2942       3.0585       6.8842       1.9203       5.5631
     761       2.3659       2.1928       3.1766       5.2381       1.9702       4.4554
     762       2.3239       2.1449       3.1004       6.3943       1.8058       5.5650
     763       2.2653       1.9521       3.4838       6.1096       1.8296       5.5766
     764       2.5024       1.9357       4.4030       6.4767       1.9262       5.3430
     765       2.4365       1.8497       4.3955       6.3828       1.8901       5.5512
     766       2.4787       1.8680       4.4959       6.6478       2.0250       5.9099
     767       2.4540       1.9229       4.2477       5.8561       2.0867       4.5135
     768       2.3809       1.8709       4.1212       4.8706       2.0666       4.2574
     769       2.2327       1.9052       3.4988       5.7043       1.9226       5.5788
     770       2.4601       2.0087       4.1104       6.3066       1.9658       5.4685
     771       2.1906       1.9593       3.1014       5.8959       1.8688       5.0459
     772       2.1165       1.9442       2.8049       6.5523       1.9546       5.8627
     773       2.1324       1.8191       3.3320       6.3460       1.8463       5.5889
     774       2.1099       1.9380       2.8055       5.9862       1.9654       5.3920
     775       2.0801       1.9362       2.6664       6.0819       1.8996       5.6704
     776       2.5051       2.4197       2.9786       6.2127       1.7850       5.3974
     777       2.3894       2.1680       3.3107       6.1425       1.8187       5.4964
     778       2.3452       2.2402       2.8740       6.1181       1.9763       5.3503
     779       2.2280       2.1356       2.7921       6.1296       1.7617       5.4619
     780       2.3628       2.1153       3.5563       6.3725       2.0154       5.2698
     781       2.4576       2.2245       3.6432       5.7644       1.9584       4.9460
     782       2.4742       2.1772       3.9281       5.8061       1.9335       4.6558
     783       2.5972       2.1445       4.4662       5.8098       2.1495       4.7975
     784       2.2147       1.9287       3.4795       6.0977       2.0877       4.8172
     785       2.4829       2.3245       3.2933       6.3202       2.0013       5.4032
     786       2.6140       2.4041       3.6649       6.6569       1.9833       5.7798
     787       2.3807       2.0897       3.5521       6.8114       1.9761       5.4563
     788       2.7195       2.2347       4.7800       7.3368       1.9479       5.6625
     789       2.1333       1.8440       3.3106       6.8030       1.8506       5.8087
     790       2.1900       1.9576       3.1661       6.4946       1.9167       5.7487
     791       2.2018       2.0307       3.0080       6.5460       2.0358       5.3242
     792       2.3576       2.1728       3.3079       7.0805       1.9032       5.5532
     793       2.4600       2.2833       3.3515       6.7179       2.0120       5.5712
     794       2.3479       2.1515       3.1991       7.4587       2.0482       5.9728
     795       2.1830       1.8719       3.3431       6.3741       1.9837       5.6951
     796       2.4622       2.2097       3.4687       6.7760       2.1043       5.3520
     797       2.7692       2.5495       3.7593       6.4392       2.0727       5.1915
     798       2.5423       2.3734       3.2812       6.3575       2.0210       5.2096
     799       2.5365       2.5115       2.8492       6.4241       1.8399       5.1795
     800       2.5692       2.4837       3.1752       7.1423       1.9841       5.7763
     801       2.5782       2.4834       3.2841       6.8219       1.9373       5.6336
     802       2.5874       2.5278       3.0625       6.6321       2.0258       5.4742
     803       2.5934       2.4635       3.3056       7.4654       2.0678       5.6607
     804       2.4629       2.2910       3.3916       6.7104       1.8831       5.4659
     805       2.1724       1.9324       3.1066       6.4230       2.0913       5.5443
     806       2.3622       2.0680       3.5083       6.1474       2.1644       5.2554
     807       2.3778       1.9777       3.8767       6.4625       2.0189       5.4176
     808       2.5907       2.3104       3.7566       6.8825       2.2058       5.6661
     809       2.5937       2.4333       3.3820       6.9957       2.0635       5.6812
     810       2.5697       2.5274       2.7860       7.0698       2.0865       5.8910
     811       3.1457       3.0971       3.6410       6.7799       1.9403       5.3170
     812       2.9936       2.8632       3.7401       7.1635       2.0125       5.5264
     813       2.6363       2.5905       2.9073       6.6741       1.9610       5.4429
     814       3.0026       2.9766       3.1649       7.6405       2.2486       6.1550
     815       3.1570       3.2170       3.0315       7.5683       2.0827       5.9068
     816       3.1329       3.1182       3.3173       7.6760       2.0528       6.2874
     817       2.8246       2.7693       3.1387       6.9494       2.0961       5.5963
     818       2.6220       2.4621       3.3267       7.1907       2.0826       5.8746
     819       2.4836       2.2799       3.3710       7.3909       2.1336       5.7951
     820       2.8471       2.5779       4.2600       8.0051       2.2162       6.2186
     821       2.8156       2.4895       4.4048       7.9057       2.2222       5.4582
     822       2.9264       2.6171       4.5490       7.4984       2.1722       5.6279
     823       2.7598       2.5309       4.0413       7.2665       2.0314       5.7267
     824       2.4553       2.2599       3.3934       6.9843       2.0052       5.0097
     825       2.4026       2.2553       3.0731       6.3600       2.0794       4.8584
     826       2.2877       2.1471       3.0059       5.7779       1.9940       4.7962
     827       2.3513       2.1270       3.4372       7.0865       2.0471       5.8393
     828       2.1813       2.0387       2.8935       6.6611       1.9875       5.4751
     829       2.3940       2.2718       3.1335       5.8184       1.9833       4.7948
     830       2.4083       2.1140       3.8038       7.0535       2.0665       5.6570
     831       2.3121       1.9821       3.7133       6.6562       2.0904       5.3344
     832       2.6986       2.3329       4.3340       7.0672       2.1275       5.4271
     833       2.7231       2.3570       4.4775       6.9095       2.1564       4.7643
     834       2.3009       1.9679       3.7278       6.5473       2.0846       4.8334
     835       2.1527       1.7633       3.6861       5.9972       1.9145       4.9092
     836       2.3406       2.2596       2.7777       5.6484       1.9656       4.7008
     837       2.3583       2.3514       2.4201       5.0133       1.9204       4.2583
     838       2.6657       2.6468       2.8843       5.9058       2.0942       4.5083
     839       2.3797       2.2934       2.8120       5.9880       2.0090       4.8237
     840       2.4411       2.3605       2.9719       5.8399       1.8051       4.6305
     841       2.5653       2.5223       2.8834       5.9812       1.9453       4.7329
     842       2.6749       2.7546       2.3557       5.9661       1.8476       4.9480
     843       2.6068       2.5709       2.8399       5.5983       1.9729       4.4148
     844       2.5872       2.6174       2.5546       6.6339       1.9632       5.5405
     845       2.6051       2.6279       2.5689       6.6957       1.9529       5.6072
     846       2.7906       2.7368       3.2068       6.8751       2.1127       5.4250
     847       2.6902       2.5276       3.6673       7.1192       1.9445       4.8004
     848       2.6574       2.4203       3.8970       6.9159       2.0572       4.8584
     849       2.6953       2.5855       3.4402       6.5238       1.9087       5.1892
     850       2.4933       2.2746       3.5966       6.8050       1.9194       4.9204
     851       2.5406       2.4077       3.4189       6.4422       1.7640       4.9962
     852       3.0810       2.9737       3.8911       7.3027       2.0969       5.3604
     853       3.1385       3.0474       3.9913       6.4663       1.8302       4.4169
     854       2.8557       2.7556       3.5447       7.0280       2.0579       5.0204
     855       2.7238       2.6429       3.3459       5.9673       2.1083       4.8043
     856       2.4453       2.2061       3.5784       6.1491       2.1400       4.7384
     857       2.2851       2.0065       3.5711       6.0646       1.9540       4.7765
     858       2.4363       2.1856       3.4318       6.4210       2.0357       5.3335
     859       2.5572       2.2058       3.9909       6.2253       1.9328       5.6250
     860       2.4144       2.0950       3.6442       6.8632       2.2521       5.7888
     861       2.4408       2.3355       2.9760       6.5129       2.0193       5.6172
     862       2.4201       2.1567       3.5629       7.4685       1.9975       6.2427
     863       2.3565       1.9370       3.9932       7.2662       2.1203       5.8458
     864       2.3874       2.1408       3.5237       7.1440       1.9967       5.7452
     865       2.6621       2.1964       4.5768       7.4454       2.1554       5.8043
     866       2.5339       2.1460       4.1739       7.1434       1.9899       5.9554
     867       2.8055       2.4972       4.2012       7.5599       2.0095       5.7404
     868       2.7777       2.5234       3.9096       7.0339       2.1306       5.4395
     869       2.7183       2.3570       4.4482       7.1520       2.0893       5.3506
     870       2.7080       2.4630       4.0610       7.2533       1.9659       5.5017
     871       2.5955       2.2342       4.1285       6.6397       2.1229       5.3700
     872       2.7623       2.5396       3.8122       7.1740       1.9336       5.6270
     873       2.5303       2.3385       3.3757       6.9420       1.9465       5.5363
     874       2.3945       2.2270       3.1386       6.7080       1.9646       5.6106
     875       2.3369       2.1128       3.3536       6.4703       1.8068       5.5861
     876       2.3286       2.2380       2.7588       5.5259       1.7815       5.1111
     877       2.3578       2.1626       3.2152       6.1082       1.9221       5.3771
     878       2.4916       2.5110       2.4832       6.1775       1.7786       5.4458
     879       2.2968       2.2993       2.3698       5.3726       1.8275       4.8839
     880       2.3840       2.2662       3.0240       5.6399       1.6937       5.0089
     881       2.6159       2.5843       2.8220       5.9751       1.8332       5.2846
     882       2.5313       2.4909       2.7681       6.8773       1.9291       6.0499
     883       2.5770       2.4390       3.2312       6.2983       2.0308       5.4499
     884       2.5288       2.4136       3.1580       7.2030       1.9974       5.9270
     885       2.7278       2.7160       2.9088       6.4680       2.0425       5.4476
     886       2.6489       2.5168       3.2492       6.3384       2.0105       5.4114
     887       2.3387       2.1108       3.2677       6.2270       2.1942       5.6839
     888       2.9025       2.6851       3.8885       6.8978       2.1157       5.9577
     889       3.0720       3.0578       3.2486       6.5830       2.0671       5.6832
     890       3.3577       3.3713       3.4055       6.5065       2.0423       5.5440
     891       3.3447       3.1664       4.1945       7.2817       2.0368       6.0807
     892       3.4114       3.2627       4.2017       6.6102       1.8981       5.3613
     893       3.4113       3.1663       4.5807       7.0119       2.0050       5.5130
     894       3.3102       2.7267       5.5522       7.2601       1.9015       5.2902
     895       3.5263       2.9752       5.7654       7.3559       1.9388       5.7488
     896       3.4374       3.1630       4.7949       7.0210       1.9068       5.4656
     897       3.7312       3.6638       4.2875       7.0543       1.9578       5.7064
     898       3.2708       3.0810       4.2421       6.3984       1.8795       5.3002
     899       3.0710       2.7932       4.2627       6.5451       2.0497       5.7082
     900       2.7746       2.5092       3.9204       7.1788       1.9660       6.2809
     901       2.6336       2.3384       3.8145       6.9793       1.9590       6.1997
     902       2.7168       2.6495       3.0632       6.1250       1.9470       5.4854
     903       2.8107       2.5650       3.8537       6.8116       1.9042       6.1180
     904       2.3743       2.0492       3.6397       6.2576       2.0457       5.9653
     905       2.5017       2.3184       3.3061       6.1530       2.0003       5.6055
     906       2.5433       2.2893       3.5751       6.5654       2.0323       6.0319
     907       2.5383       2.4422       3.0004       5.9815       1.9383       5.4680
     908       2.5009       2.5375       2.3924       6.0266       1.7920       5.6860
     909       2.6396       2.4650       3.4092       5.6343       1.8974       5.0907
     910       2.7410       2.3309       4.3286       6.2397       1.9828       5.1884
     911       2.8312       2.3435       4.6522       7.2166       1.9862       5.8548
     912       2.6129       2.1946       4.2918       6.2887       1.8045       5.5741
     913       2.6350       2.4044       3.6668       6.5084       1.8552       5.8180
     914       3.3366       3.1061       4.4022       6.7769       2.0081       5.4193
     915       3.1633       3.0432       3.8453       6.2596       1.8116       5.2834
     916       2.7023       2.7879       2.3289       5.7842       1.8428       5.1923
     917       2.5216       2.4591       2.8603       5.8972       1.8450       5.1284
     918       2.7041       2.6400       3.1489       6.5111       1.8910       5.4516
     919       2.4183       2.3549       2.7937       6.0300       1.8071       5.2711
     920       2.3495       2.2506       2.8351       5.6214       1.8282       5.0644
     921       2.8823       2.9316       2.7868       5.7829       1.8496       4.8065
     922       2.8665       2.8984       2.8566       6.1675       1.8149       5.3538
     923       2.5723       2.5352       2.9409       6.7832       1.8671       5.6982
     924       2.3585       2.2225       3.1586       5.7901       1.8292       4.6812
     925       2.3665       2.2076       3.2430       6.6838       2.0213       5.6969
     926       2.5061       2.4538       2.9772       6.5462       1.8383       5.5530
     927       2.5052       2.4899       2.7360       6.3354       1.8926       5.0362
     928       2.2229       2.2060       2.4007       5.7977       1.7556       5.1054
     929       2.6331       2.6559       2.6999       5.8165       1.8898       5.4724
     930       2.4653       2.4435       2.6583       6.3852       1.8797       5.7108
     931       2.5391       2.4656       2.9076       6.9734       1.9205       5.7065
     932       2.6810       2.6665       2.8799       6.2265       1.9511       5.2834
     933       2.7211       2.6517       3.1706       7.0135       2.0714       5.7306
     934       2.9020       2.9812       2.6797       6.2113       1.7733       4.6146
     935       3.0990       3.2407       2.4815       6.2725       1.7423       5.1738
     936       3.1533       3.3067       2.4732       6.4158       1.7458       5.1794
     937       2.8458       2.8913       2.7296       6.5961       1.6489       5.7522
     938       3.1527       3.0576       3.7170       6.5672       1.7827       5.4727
     939       3.4159       3.3450       3.9515       6.5814       1.7607       5.4283
     940       3.6945       3.5539       4.5467       6.8092       1.9262       5.2367
     941       3.6101       3.4198       4.6848       6.6012       1.7856       5.3771
     942       3.5747       3.3092       4.9523       6.5033       1.9325       5.2399
     943       3.4784       2.9972       5.5724       6.6835       1.8587       5.1668
     944       3.6019       3.1977       5.3718       6.2943       1.7941       4.9895
     945       3.7900       3.4712       5.3814       7.0598       1.8114       5.2767
     946       3.0859       3.0571       3.3530       5.6542       1.8637       4.9935
     947       3.1661       3.2614       2.8755       5.6590       1.8201       4.5834
     948       3.1145       3.2220       2.7803       6.0260       1.9537       4.7824
     949       3.4290       3.5671       2.8829       6.2201       1.9629       4.9792
     950       3.4957       3.6679       2.8387       6.0716       1.9301       4.6676
     951       3.1426       3.1961       3.0454       5.9618       2.1146       4.5023
     952       3.0081       3.0253       3.0420       6.1033       1.9903       4.6865
     953       3.4002       3.4822       3.0885       5.7871       2.1256       4.8000
     954       3.4441       3.4364       3.6180       5.7817       1.9492       4.8358
     955       3.0082       2.9796       3.2345       5.2933       1.8684       4.4927
     956       2.9041       2.8975       2.9979       5.2346       2.0273       4.1680
     957       2.9673       2.8832       3.4588       5.1702       1.8841       4.3337
     958       2.7426       2.7932       2.5700       4.4999       1.8734       3.8000
     959       3.2740       3.3014       3.2766       5.1673       1.9364       4.1670
     960       3.4427       3.4519       3.5321       5.3867       2.0025       4.2646
     961       3.2737       3.2708       3.3664       6.1823       2.1038       5.0113
     962       3.5635       3.5459       3.7652       5.7523       2.0665       4.3914
     963       2.9933       3.0096       2.9839       5.0607       2.0973       3.9928
     964       2.8327       2.7905       3.0735       4.7332       2.1701       4.2406
     965       3.0153       2.8843       3.6603       4.7358       2.2544       4.0416
     966       3.1027       2.9698       3.8042       5.4418       2.1258       5.0091
     967       2.3469       2.2088       2.9764       4.7615       2.1265       4.6290
     968       2.6840       2.4565       3.6168       5.9206       2.1816       5.6434
     969       2.4249       2.2852       3.0185       5.1387       2.0360       4.8548
     970       2.8804       2.4163       4.6108       5.6722       2.1711       5.5839
     971       2.8578       2.3822       4.6449       6.7361       2.1700       6.2172
     972       2.4745       2.3101       3.2637       6.2446       1.9651       6.0514
     973       2.4430       2.0182       3.9921       5.2721       2.3830       5.0798
     974       2.4006       2.1182       3.5145       5.0489       2.1243       4.6758
     975       2.4924       2.1012       3.9242       5.5663       2.3284       5.4115
     976       2.1986       1.9463       3.1601       5.3183       2.2911       5.5352
     977       2.6131       2.3033       3.9906       4.7091       2.2511       5.1597
     978       2.6677       2.4587       3.6710       4.2849       2.2327       3.9734
     979       2.4777       2.2328       3.6629       4.3629       2.0195       3.7153
     980       2.1264       1.8593       3.1451       4.2687       2.1110       4.1667
     981       2.0707       1.7452       3.3198       3.5433       2.0225       3.5586
     982       2.1960       1.8512       3.5297       4.5856       2.1327       4.9056
     983       1.8859       1.6871       2.6216       4.6184       2.0697       4.5386
     984       2.4290       2.0322       3.8750       4.6304       2.1929       4.5636
     985       2.3858       2.0571       3.6863       5.2732       2.1735       5.4326
     986       2.6406       2.3594       3.8329       5.6358       1.9482       5.4031
     987       2.6373       2.4214       3.5820       5.0973       2.0869       5.3762
     988       2.5068       2.3070       3.3827       5.3976       2.0212       5.5663
     989       2.3459       2.0304       3.5647       4.8131       1.9692       5.0718
     990       2.3147       2.1710       2.9900       4.2385       2.0415       4.2009
     991       2.3943       2.2439       3.0974       4.6765       2.0737       4.6438
     992       2.3007       2.2359       2.6291       4.3485       1.8827       4.0634
     993       2.2336       2.2149       2.3327       4.5475       1.9444       4.2465
     994       2.4523       2.3865       2.8703       5.6026       2.0161       5.3903
     995       2.3739       2.1151       3.5564       4.6413       2.0504       3.8652
     996       2.6635       2.4417       3.7263       5.2091       2.1537       3.8680
     997       2.5450       2.5095       2.9314       4.6474       1.8132       3.3474
     998       2.5317       2.3242       3.4888       4.0046       2.2645       3.7095
     999       2.5010       2.4420       2.8374       4.0524       2.2132       3.9132
    1000       2.4491       2.3526       2.9231       4.0863       2.0786       4.2698
    1001       2.6282       2.5924       2.8475       4.4272       2.0652       4.3120
    1002       2.6402       2.5079       3.2450       4.2676       2.1107       4.6779
    1003       2.6688       2.5070       3.4450       4.8717       2.2435       5.2348
    1004       2.7687       2.7398       2.9361       4.4446       2.1999       4.4109
    1005       2.7215       2.6462       3.0779       4.8490       2.1602       4.7385
    1006       2.5675       2.3278       3.5381       4.5852       2.3291       4.6869
    1007       2.6466       2.3219       3.9332       4.7787       2.3159       5.2009
    1008       2.8525       2.8569       2.9077       4.4633       2.0136       3.8875
    1009       3.1622       3.1717       3.1725       5.0595       2.1723       4.1167
    1010       3.2188       3.1490       3.6601       4.8966       2.2177       4.4492
    1011       2.8686       2.7586       3.4180       4.6908       2.1886       4.0406
    1012       3.0707       2.9400       3.7142       5.1464       2.1797       3.8823
    1013       3.2934       2.8062       5.2188       5.2062       2.2661       3.9017
    1014       2.9227       2.4693       4.6967       4.7904       2.0653       4.2323
    1015       3.3429       2.7493       5.6285       5.8007       2.1334       4.3845
    1016       3.0852       2.5813       5.0747       5.7466       2.0893       4.8856
    1017       3.1898       2.6710       5.2828       6.0312       2.1153       5.1212
    1018       3.1901       2.9174       4.4742       6.3392       2.0303       5.4717
    1019       2.6757       2.2739       4.3024       5.6004       1.9777       5.0038
    1020       3.3437       2.8338       5.4404       6.6090       2.0578       5.3820
    1021       3.0973       2.7857       4.6569       6.4410       1.8604       5.2206
    1022       3.1927       3.0795       3.9380       5.9902       1.9189       5.0224
    1023       3.0481       2.7689       4.3580       6.7216       2.0640       5.7927
    1024       2.8241       2.5100       4.1474       5.8638       2.0790       5.2558
    1025       2.9008       2.6118       4.1388       6.6164       2.3612       6.1496
    1026       2.5830       2.4399       3.1725       6.9007       2.2219       6.2442
    1027       2.3886       2.1346       3.3897       5.5687       2.1070       5.0879
    1028       2.1974       2.1816       2.2879       5.8883       1.9159       5.2239
    1029       2.3017       2.1252       3.0348       5.1029       2.0725       4.7471
    1030       2.5364       2.4954       2.7437       5.7388       2.1794       5.0412
    1031       2.8652       2.8639       3.0433       6.3089       2.0045       5.4464
    1032       3.1975       3.1638       3.4901       6.6104       2.0770       5.5640
    1033       3.0081       2.9478       3.3335       5.8758       2.1933       5.1858
    1034       2.9779       2.8024       3.7613       6.7920       2.1907       5.5965
    1035       2.9568       2.5530       4.5424       7.1931       2.2822       6.0265
    1036       2.9439       2.6615       4.1374       7.1913       2.1974       5.6708
    1037       3.1872       2.9744       4.1762       6.6645       2.2595       5.1288
    1038       3.0511       2.6642       4.5846       5.6295       2.3658       3.8951
    1039       2.7819       2.3098       4.5278       6.5939       2.2917       5.3492
    1040       2.4960       2.0436       4.0896       4.4972       2.3581       3.6087
    1041       2.7491       2.3005       4.4460       5.3546       2.1436       4.0427
    1042       2.7165       2.4857       3.6874       4.3045       2.2085       3.4453
    1043       2.8421       2.6363       3.7528       4.8848       2.3068       3.9237
    1044       3.0383       2.9616       3.4382       5.0259       2.3080       4.0257
    1045       2.7069       2.6197       3.1288       4.4961       2.2269       3.5535
    1046       3.0097       2.9861       3.1666       4.7916       2.1183       3.8455
    1047       2.7329       2.6548       3.1136       4.7049       2.1300       3.5026
    1048       2.6278       2.5503       3.0056       3.9518       2.1652       3.5429
    1049       2.4033       2.2060       3.2311       4.1730       2.2314       3.6473
    1050       2.6044       2.4137       3.5093       4.2624       2.1870       4.0620
    1051       2.2911       2.0053       3.4378       4.0896       2.1135       3.7759
    1052       2.2217       2.0130       3.0786       4.3593       2.1407       3.7469
    1053       2.0728       1.7731       3.1712       4.3215       2.1646       4.1081
    1054       2.3302       1.9034       3.8137       4.2662       2.0919       4.2845
    1055       2.0328       1.8178       2.8972       3.7844       2.0916       3.2785
    1056       2.0031       1.8369       2.6946       3.7992       2.0286       3.4369
    1057       2.2415       2.0573       3.1032       4.1354       2.1617       3.3117
    1058       1.9712       1.9024       2.3116       4.0659       1.8629       3.5815
    1059       2.1680       2.0980       2.5280       4.3217       2.0522       3.6347
    1060       2.1513       2.0738       2.4899       3.7358       1.9343       3.2718
    1061       2.2649       2.1176       2.9301       4.1953       2.1622       3.4599
    1062       2.4953       2.3924       3.1737       4.0041       2.0753       3.4638
    1063       2.0405       1.8445       2.8640       4.2911       2.1497       3.6541
    1064       2.2700       2.0833       3.1156       4.9415       2.0737       3.7421
    1065       2.4136       2.3931       2.5576       4.5698       2.1974       3.6594
    1066       2.5001       2.5304       2.4442       4.3899       2.1138       3.6179
    1067       2.8030       2.8581       2.7210       4.0184       2.1268       3.2779
    1068       2.7962       2.8802       2.5173       4.2777       1.9288       3.4226
    1069       3.1148       3.1086       3.4637       5.2760       2.1529       3.5488
    1070       3.2211       3.2952       3.0172       4.2931       2.1667       3.2522
    1071       3.3247       3.4749       2.7238       4.3255       1.9558       3.5073
    1072       3.1862       3.2825       2.8784       4.7740       1.8452       3.4270
    1073       3.5931       3.7393       2.9729       4.3374       2.1417       3.1521
    1074       3.5086       3.6018       3.2524       4.5218       1.9911       3.3019
    1075       3.4319       3.5614       2.9190       5.4115       1.7493       4.2461
    1076       3.1469       3.2968       2.4965       5.5018       1.6904       4.0394
    1077       3.5790       3.6955       3.1205       4.3254       1.8789       3.0810
    1078       3.1230       3.2210       2.7450       4.5786       1.7233       3.3432
    1079       2.8216       2.7984       3.0719       4.1517       1.7034       3.0485
    1080       2.6810       2.7039       2.7282       3.1877       1.8506       2.5684
    1081       2.8255       2.8768       2.6390       3.8261       1.9099       2.6855
    1082       3.0106       3.0818       2.7470       3.9176       1.9993       3.0127
    1083       3.1449       3.2328       2.8249       4.2060       2.1584       2.7084
    1084       2.4408       2.4096       2.7041       3.6874       1.9292       3.1564
    1085       2.2847       2.2653       2.4918       3.9045       1.8563       3.1475
    1086       2.8585       2.8867       2.8890       3.7382       1.9141       2.7661
    1087       2.8729       2.9674       2.5631       3.8351       1.9122       2.8466
    1088       2.6115       2.6863       2.4030       3.7622       1.7526       2.7375
    1089       2.7522       2.8406       2.4279       3.9176       1.8342       2.8929
    1090       2.4701       2.4881       2.4610       3.7276       1.9798       2.8070
    1091       2.5628       2.5567       2.6120       4.2687       2.0426       3.3119
    1092       2.5575       2.5962       2.4305       3.4099       1.7879       2.7192
    1093       2.5698       2.5029       2.9170       3.9412       2.0216       2.7016
    1094       2.2854       2.2350       2.5037       3.6931       1.9984       2.9601
    1095       2.7304       2.6952       2.9667       3.2490       2.0711       2.7860
    1096       2.6334       2.5775       2.9282       3.7039       2.2073       3.4470
    1097       2.9614       2.9514       3.0838       3.7407       2.1818       3.2196
    1098       2.8081       2.8680       2.6807       4.3572       1.9519       3.5746
    1099       2.7733       2.7857       2.8258       3.4642       1.9947       2.8513
    1100       2.8563       2.7805       3.2672       3.8649       2.0374       3.0792
    1101       2.7215       2.7558       2.6432       3.3279       1.9989       2.8807
    1102       2.9569       2.9566       3.0510       4.0560       2.1236       3.4711
    1103       2.8243       2.8167       2.9474       3.8642       1.9817       3.1502
    1104       2.7969       2.7574       3.0609       3.8040       2.0202       3.1094
    1105       2.4201       2.3592       2.7372       3.9643       2.1834       3.3307
    1106       2.4357       2.2297       3.3332       3.3709       2.0744       2.9241
    1107       2.4210       2.3429       2.7882       3.5890       2.0673       3.1196
    1108       2.2290       2.1920       2.4183       3.7006       2.0230       3.2826
    1109       2.7143       2.7760       2.4819       4.2037       2.0953       3.8134
    1110       2.9023       2.9808       2.6283       4.2400       2.0562       3.6909
    1111       2.6105       2.6118       2.6792       4.2865       2.1188       3.5575
    1112       2.7147       2.6547       3.0954       4.4069       2.2280       3.7326
    1113       2.8125       2.8371       2.7667       3.2567       2.2377       2.7275
    1114       3.0841       3.2176       2.5706       3.4182       1.9826       2.8997
    1115       3.1298       3.2239       2.8538       3.4801       1.9831       2.7852
    1116       2.8031       2.8406       2.7335       3.2650       2.1656       2.7465
    1117       2.7619       2.7603       2.8833       3.4150       2.0770       3.2484
    1118       2.8960       2.8428       3.2759       3.4950       2.1377       3.4858
    1119       2.7845       2.7320       3.1349       3.4209       2.2546       3.0555
    1120       2.6527       2.5991       2.9348       3.7089       2.2647       3.3647
    1121       2.7823       2.7106       3.1341       3.2888       2.2741       3.4345
    1122       2.9583       2.9137       3.2871       4.0836       2.1343       3.7148
    1123       2.9989       3.0474       2.8594       4.1773       2.2323       3.6633
    1124       3.4123       3.4976       3.2649       4.1174       2.0896       3.0595
    1125       3.3508       3.4517       2.9775       3.9673       2.2450       3.4356
    1126       3.7638       3.9505       2.9960       4.2606       2.1201       3.3638
    1127       3.2512       3.3675       2.7747       4.4938       2.1102       3.9691
    1128       3.1837       3.2961       2.7066       3.7591       2.1937       3.2961
    1129       3.2968       3.3628       3.1179       3.9079       2.3036       3.1185
    1130       3.6414       3.7642       3.1743       3.6950       2.2714       3.2121
    1131       3.8210       3.9981       3.0944       4.0765       2.1366       3.3808
    1132       3.8774       4.0842       2.9168       3.8600       1.9715       2.9901
    1133       4.1436       4.3925       2.9852       4.0079       2.0443       2.8076
    1134       3.9100       4.0762       3.2053       3.9557       1.9807       3.4286
    1135       3.6066       3.7768       2.8145       3.7784       2.0374       3.1638
    1136       3.5239       3.7041       2.6805       3.7370       1.9871       3.2075
    1137       3.1793       3.3503       2.3642       3.8238       1.9755       3.1225
    1138       3.3431       3.5066       2.5974       3.7590       1.9190       3.2454
    1139       2.8199       2.8893       2.5742       4.0745       1.9516       3.0778
    1140       2.9263       2.9338       2.9819       3.3332       2.0925       3.1076
    1141       3.2617       3.3798       2.7693       4.0332       1.9175       3.4603
    1142       3.1567       3.2958       2.5326       3.3395       1.9317       2.7326
    1143       2.9763       3.0606       2.7321       4.1084       1.8970       2.9494
    1144       3.0508       3.1393       2.8022       4.3607       1.9040       3.0611
    1145       2.6852       2.7767       2.3595       3.7627       1.8925       3.0085
    1146       2.8374       2.9027       2.6205       3.9998       1.9514       3.1178
    1147       2.6531       2.7326       2.3091       3.6944       2.0364       3.0374
    1148       2.8160       2.8886       2.4978       3.7181       2.0920       2.9678
    1149       2.7003       2.7721       2.4174       3.7188       2.0576       3.0432
    1150       2.6506       2.5217       3.4400       4.4913       2.0451       3.0984
    1151       2.4051       2.3569       2.6758       4.2008       1.9770       3.2777
    1152       2.7606       2.8628       2.2866       3.6142       1.9826       3.2896
    1153       2.7363       2.7570       2.6745       3.7913       2.0726       3.0630
    1154       2.8845       2.9715       2.5546       3.9578       2.0402       3.0475
    1155       3.2419       3.2592       3.3591       4.6102       2.1138       2.9468
    1156       2.7757       2.7151       3.2314       4.3310       2.0119       3.1353
    1157       3.0758       3.0189       3.4291       3.5560       2.2422       2.7176
    1158       3.2772       3.3163       3.2901       4.8118       2.0638       3.4520
    1159       3.3939       3.5629       2.6244       4.1992       1.9844       3.1868
    1160       3.3766       3.4850       3.0660       4.7660       2.0436       3.4395
    1161       3.1962       3.3233       2.6590       3.8786       2.0774       3.2292
    1162       3.1084       3.1972       2.7765       4.1682       2.0452       3.4080
    1163       3.1155       3.1435       3.1310       4.6195       2.0450       3.0673
    1164       2.8123       2.8909       2.5213       3.6546       1.9052       3.0708
    1165       2.7970       2.7434       3.2269       4.5092       1.9317       3.0936
    1166       2.8931       2.9237       2.9355       4.2437       1.9122       2.9784
    1167       2.9307       3.0019       2.7909       3.9748       1.9711       2.9879
    1168       3.0800       3.1215       3.0820       5.0949       2.0158       3.3715
    1169       2.8609       2.8073       3.3772       4.2651       2.0345       3.1648
    1170       3.0644       3.1206       2.9752       4.3660       2.0344       2.8972
    1171       2.7542       2.6861       3.2555       4.4253       2.0193       3.1989
    1172       2.6614       2.6215       2.9440       4.7563       2.1398       3.4000
    1173       2.8859       2.7534       3.7356       4.9335       2.1291       3.2392
    1174       2.7898       2.8030       2.8985       4.5796       2.0484       3.2915
    1175       2.9174       2.8002       3.6587       4.8724       2.0174       3.0271
    1176       3.1393       2.9904       4.0700       4.4616       2.1291       3.0020
    1177       3.1332       3.0805       3.6978       4.5407       2.0552       3.1809
    1178       3.0444       3.0974       2.9769       4.5262       2.1616       3.3562
    1179       3.2819       3.3811       2.9886       4.4394       2.1483       3.6045
    1180       3.7555       3.8271       3.7397       5.3575       2.2091       3.5288
    1181       4.1657       4.3087       3.9464       5.5384       2.0400       3.4617
    1182       4.0544       4.0638       4.4741       6.0129       2.2382       3.5102
    1183       4.0055       4.1023       4.0305       5.2928       2.1160       3.5439
    1184       3.7275       3.6844       4.4042       5.2310       2.2462       3.6096
    1185       3.5229       3.6321       3.3292       4.6862       2.0633       3.4737
    1186       3.4109       3.5543       2.9241       4.8507       2.0242       3.6143
    1187       3.2339       3.2972       3.1706       4.9799       2.1924       3.5947
    1188       3.7375       3.8690       3.4306       4.7660       2.1032       3.4258
    1189       3.8145       4.0193       2.9501       4.4948       2.1587       3.6002
    1190       3.7408       3.8828       3.2815       4.6941       2.2455       3.2260
    1191       3.6356       3.7565       3.2577       4.4741       2.2678       3.4146
    1192       3.7036       3.8938       2.8957       4.4856       2.2349       3.5501
    1193       3.8505       4.0318       3.2296       4.7369       2.2669       3.5296
    1194       4.2410       4.4677       3.3790       4.8495       2.3140       3.6227
    1195       4.0882       4.3068       3.2449       4.9079       2.2536       3.6250
    1196       4.3875       4.5155       4.2974       5.8420       2.4279       3.8399
    1197       4.3247       4.5007       3.9066       5.5221       2.2966       3.8207
    1198       4.2031       4.3404       3.9993       4.8203       2.2017       3.0966
    1199       3.8941       3.8583       4.6033       5.5964       2.1592       3.0816
    1200       3.9302       3.9746       4.2093       5.5421       2.1380       3.5012
    1201       3.5481       3.6072       3.6287       4.7148       2.1121       3.1169
    1202       3.3499       3.4795       2.9163       4.1556       2.1066       3.0610
    1203       3.6421       3.7959       3.0588       4.2507       2.1749       3.0362
    1204       3.5942       3.7478       2.9926       3.9386       2.1641       2.9254
    1205       3.3194       3.2913       3.6941       4.3288       2.3771       3.1885
    1206       3.5687       3.6247       3.6083       4.7942       2.1857       3.1889
    1207       3.5456       3.7010       2.9604       4.8315       2.0737       3.4228
    1208       3.8548       3.9779       3.5904       4.9768       2.1117       3.1276
    1209       3.5901       3.6055       3.9670       5.2952       2.1347       3.2686
    1210       3.6879       3.6925       4.0788       4.9961       2.2019       3.3674
    1211       3.9594       3.9670       4.4132       5.7002       2.2515       3.5080
    1212       4.0910       4.1602       4.2464       5.1235       2.2233       3.3721
    1213       3.7895       3.8909       3.7085       4.8909       2.0460       3.2813
    1214       4.0584       4.1494       4.1377       5.6412       2.1218       3.4591
    1215       3.8206       3.9456       3.6264       5.6413       2.0976       3.8993
    1216       3.5800       3.6233       3.7936       5.4956       2.1323       3.6783
    1217       3.7476       3.8450       3.6006       4.8108       2.1198       3.3221
    1218       3.5842       3.6950       3.3694       5.1534       2.0981       3.4915
    1219       3.7834       3.9485       3.1756       4.0873       2.0605       3.1812
    1220       3.8052       3.9523       3.4176       4.1002       2.1519       2.9302
    1221       3.6011       3.7451       3.0766       4.9938       2.2197       3.5617
    1222       3.5125       3.6194       3.1637       4.5696       2.2748       3.7171
    1223       3.1461       3.2197       2.9983       4.5326       2.1253       3.5183
    1224       3.1347       3.1665       3.1933       4.5208       2.2011       3.3051
    1225       3.2563       3.1159       4.1836       4.7702       2.3547       3.2861
    1226       3.5075       3.3997       4.4575       5.6282       2.1145       3.6227
    1227       3.5283       3.5033       3.9955       4.8314       2.1823       3.6305
    1228       3.5393       3.6029       3.6001       4.7913       2.0915       3.4909
    1229       3.4387       3.4884       3.5513       4.6395       2.0010       3.2111
    1230       3.6374       3.7811       3.1702       4.8333       2.0902       3.7547
    1231       3.5320       3.6019       3.5179       4.5517       2.1196       3.5224
    1232       3.2152       3.2645       3.1735       4.5574       2.1652       3.4499
    1233       2.9941       2.8806       3.7624       4.3197       2.1621       3.7624
    1234       3.1584       2.9372       4.3973       4.7351       2.2421       3.4940
    1235       3.3148       3.1844       4.2768       4.6877       2.1475       3.0172
    1236       3.1004       2.9617       3.9867       4.9145       2.2008       3.3108
    1237       3.0615       3.0213       3.4795       4.8422       2.0910       3.5097
    1238       2.9727       2.9754       3.0637       3.4208       2.2479       3.2308
    1239       3.3509       3.3860       3.4364       4.1682       2.2444       3.4853
    1240       3.5191       3.4593       4.1471       4.6250       2.3488       3.3796
    1241       3.2023       3.0786       4.0476       3.7169       2.2711       3.1134
    1242       3.0716       2.9902       3.7338       4.3034       2.0960       3.1441
    1243       3.0321       2.8653       4.0049       4.5185       2.2313       3.4216
    1244       3.2602       3.2058       3.8010       4.2242       2.0981       3.1483
    1245       3.1457       2.9123       4.4123       4.2020       2.3036       3.3978
    1246       2.8876       2.5636       4.4496       4.5755       2.1202       3.1133
    1247       3.0242       2.7977       4.2661       4.7803       2.0444       3.3128
    1248       2.7481       2.6832       3.1749       3.6292       2.1338       2.8676
    1249       2.6456       2.5325       3.2358       3.3940       2.0541       3.1191
    1250       2.7661       2.7023       3.1398       4.1609       2.1466       3.6829
    1251       2.7194       2.6061       3.3616       4.1398       2.0572       3.5700
    1252       3.0195       3.0717       2.9425       4.2020       1.8663       3.2902
    1253       3.1605       3.1124       3.6461       4.8994       1.9997       3.5268
    1254       2.7518       2.4688       4.2456       4.5243       2.0629       3.2063
    1255       2.9078       2.6353       4.2934       4.4303       2.1376       3.3292
    1256       2.9962       2.9451       3.5682       4.7655       1.9902       3.2970
    1257       3.2780       3.1812       4.1352       4.5983       2.0058       3.2573
    1258       3.6152       3.5606       4.3536       5.0573       1.9286       2.6493
    1259       4.0395       4.1137       4.1257       5.1767       1.9527       3.1418
    1260       4.1102       4.1517       4.4163       4.4987       2.1228       2.9521
    1261       4.2906       4.4351       4.1187       4.8008       1.9227       2.9676
    1262       3.5781       3.6321       3.7396       4.4050       1.9886       2.7702
    1263       3.7309       3.6891       4.4301       4.8831       1.9540       2.9994
    1264       3.8471       3.8522       4.3393       4.5860       1.9815       2.4918
    1265       4.1981       4.1842       4.8767       4.6034       2.0783       2.3511
    1266       3.7794       3.7160       4.5972       4.8185       2.0081       2.6248
    1267       3.6893       3.6644       4.3393       4.8811       1.9262       2.7122
    1268       4.5286       4.4427       5.6479       5.9130       2.1787       2.6390
    1269       4.6947       4.7538       5.0761       5.3347       2.1184       2.8090
    1270       4.5711       4.5523       5.3528       5.0632       2.1893       2.9392
    1271       4.4345       4.5626       4.3016       4.3910       2.2606       3.1846
    1272       4.6015       4.7101       4.6112       4.6979       2.2334       2.6677
    1273       5.4379       5.4548       6.2294       6.4786       2.2217       2.8866
    1274       5.0525       4.9774       6.2182       5.9829       2.1416       2.8839
    1275       5.1794       5.1407       6.2224       6.1032       2.1370       2.9867
    1276       4.9873       4.8328       6.4711       5.6377       2.3563       3.0735
    1277       5.0912       4.9121       6.7322       5.8947       2.2822       3.1279
    1278       4.7320       4.5776       6.2117       5.1912       2.1728       2.8544
    1279       4.4746       4.3244       5.9165       4.9470       2.1351       2.5845
    1280       4.7235       4.6029       6.0383       4.8877       2.3081       2.8308
    1281       4.9433       4.8750       6.0805       4.9513       2.3466       2.9423
    1282       4.1749       4.0039       5.5921       5.3165       2.1983       2.0876
    1283       4.0510       3.8278       5.6321       4.7372       2.3832       2.6215
    1284       3.9492       3.7857       5.2360       4.4013       2.1853       1.9314
    1285       3.6240       3.3885       5.1482       4.7100       2.0864       2.2276
    1286       3.6730       3.4355       5.1947       4.4584       2.0732       2.6529
    1287       3.7390       3.3844       5.5711       5.7411       2.2350       2.6954
    1288       3.7878       3.3485       5.9435       6.1947       2.1220       3.0773
    1289       3.6127       3.5304       4.4488       4.7844       2.1994       2.8978
    1290       3.5602       3.4577       4.4477       4.3689       2.2068       2.7518
    1291       3.4690       3.3302       4.4724       5.1486       2.2361       3.0949
    1292       4.0065       3.9721       4.7553       4.9064       2.0206       2.5001
    1293       3.8464       3.8209       4.5190       4.4267       2.0519       2.3336
    1294       3.6941       3.7318       3.9295       4.0799       2.1393       2.2330
    1295       3.6249       3.6459       3.9077       4.0777       2.2152       2.6489
    1296       3.4503       3.5468       3.1696       4.2471       2.1650       3.1190
    1297       3.4729       3.5433       3.4448       4.7135       2.1524       3.4105
    1298       3.5404       3.4739       4.2838       4.7406       2.1637       2.7373
    1299       3.3126       3.3953       3.1042       3.9170       2.2734       3.0265
    1300       3.7453       3.8525       3.5355       4.2758       2.1959       3.1048
    1301       3.7175       3.8033       3.6470       4.3360       2.2131       2.8214
    1302       3.7699       3.9100       3.2632       3.9075       2.2305       2.9389
    1303       4.1693       4.3375       3.5646       4.1017       2.3213       2.8563
    1304       4.3401       4.4963       3.9480       4.4676       2.2964       3.0686
    1305       4.1959       4.2837       4.2015       4.0284       2.4516       3.2847
    1306       3.9901       4.1332       3.5737       3.8742       2.2926       3.1186
    1307       3.7815       3.9103       3.3770       4.5721       2.2533       3.0861
    1308       3.7416       3.7866       3.8185       4.6843       2.3848       3.0334
    1309       3.7201       3.7821       3.6325       4.4384       2.4275       3.4871
    1310       3.6259       3.5610       4.1872       4.4696       2.5199       3.2997
    1311       3.7602       3.8002       3.8316       4.4557       2.5111       3.5052
    1312       3.7221       3.7341       3.9807       4.5584       2.4817       3.2092
    1313       3.7582       3.8644       3.4995       4.1281       2.3450       3.3073
    1314       4.0375       4.1565       3.7504       4.2581       2.4349       3.2765
    1315       4.3368       4.4527       4.1317       4.4557       2.4413       3.8604
    1316       4.6452       4.7605       4.5368       4.6888       2.4834       3.6459
    1317       4.5094       4.6052       4.5056       5.1543       2.3343       3.8145
    1318       4.4177       4.3297       5.3457       5.2485       2.5323       3.8679
    1319       4.3490       4.3435       4.8862       4.8100       2.4291       3.4670
    1320       4.2736       4.3490       4.3331       5.3574       2.3854       3.6243
    1321       4.2584       4.1964       5.0918       5.2323       2.4884       3.6485
    1322       4.2168       4.2111       4.7195       4.7349       2.4908       3.4634
    1323       4.5599       4.4300       5.7624       5.9078       2.2968       3.0383
    1324       3.8601       3.8582       4.2644       4.5841       2.3973       2.9599
    1325       3.8955       3.7674       4.9090       5.0888       2.4823       3.4043
    1326       3.5975       3.4864       4.4824       5.3003       2.3297       3.2297
    1327       3.9621       4.0408       3.8970       4.7678       2.4246       3.4269
    1328       3.7945       3.7732       4.2663       4.2987       2.4245       3.0960
    1329       3.8346       3.6304       5.2035       5.0379       2.3197       3.0674
    1330       3.8316       3.5168       5.6545       5.2897       2.3796       3.1844
    1331       3.6272       3.4464       4.8049       4.9475       2.3704       3.3367
    1332       4.0832       3.8124       5.7451       4.8978       2.4814       3.7590
    1333       4.2521       4.0934       5.4795       5.5590       2.5587       3.5787
    1334       4.7053       4.6080       5.7759       5.6409       2.5329       3.6068
    1335       4.2222       3.9501       5.9001       5.6467       2.6302       3.5946
    1336       3.9874       3.7664       5.4266       5.6617       2.4376       3.4414
    1337       3.8553       3.6597       5.2078       5.4523       2.3654       3.1241
    1338       3.9418       3.7633       5.2900       5.1741       2.3561       3.2214
    1339       3.7956       3.4051       5.8583       4.7686       2.5474       3.3333
    1340       3.4169       3.1527       4.9093       4.7208       2.3569       3.4337
    1341       3.4022       3.2762       4.3198       3.7403       2.4062       3.3195
    1342       3.1706       2.9715       4.3014       3.8684       2.3224       3.2620
    1343       3.5169       3.2912       4.9268       4.1446       2.3036       3.0865
    1344       3.2400       3.0464       4.4907       3.7114       2.1059       2.9328
    1345       3.1659       3.0516       4.0132       4.5970       2.1180       3.2371
    1346       3.2283       3.0887       4.1903       3.7732       2.2617       3.0287
    1347       3.0273       2.9207       3.7003       4.3459       2.3551       3.3682
    1348       3.1101       2.9473       4.0697       4.0585       2.3939       3.1419
    1349       3.0852       3.1187       2.9825       3.1617       2.3111       3.0346
    1350       3.1343       3.0264       3.6968       3.4639       2.4770       3.3324
    1351       3.1424       3.1728       3.1133       3.0421       2.2284       3.0703
    1352       3.0426       3.0658       2.9887       3.7159       2.3073       3.6339
    1353       3.0421       2.9932       3.4120       3.4082       2.3034       3.1890
    1354       3.1875       2.9933       4.3531       4.0430       2.2932       3.0662
    1355       2.7922       2.5737       3.9082       3.7609       2.2880       2.9503
    1356       2.9479       2.7049       4.1934       4.2614       2.3555       3.0336
    1357       2.9935       2.6414       4.5607       4.4254       2.3755       3.1158
    1358       3.2047       2.8051       5.0629       4.5584       2.5146       3.6666
    1359       2.8009       2.5570       3.9911       4.5228       2.3602       3.3916
    1360       2.6918       2.4706       3.6886       4.0855       2.3114       3.2436
    1361       2.6881       2.5673       3.2617       3.9924       2.4997       3.3678
    1362       3.1618       3.1216       3.4972       3.5692       2.6290       3.2182
    1363       3.0058       2.9650       3.3294       4.1018       2.4718       3.1599
    1364       3.0684       2.9452       3.6810       4.0501       2.8530       3.3448
    1365       3.0011       2.8462       3.7301       3.9234       2.8206       3.2579
    1366       3.0392       2.9116       3.6880       3.5015       2.7559       2.6375
    1367       2.8878       2.6604       3.7947       3.6090       2.5376       2.9059
    1368       3.0534       2.6626       4.6762       3.8866       2.4681       3.0439
    1369       2.9793       2.5845       4.7530       4.5890       2.2756       2.9708
    1370       2.8764       2.5550       4.2857       4.1895       2.4102       2.8170
    1371       2.8897       2.7396       3.7529       4.2600       2.3671       3.2595
    1372       2.9782       2.7987       4.0197       4.5182       2.2622       2.7752
    1373       2.7318       2.6370       3.2806       3.5416       2.3864       2.7951
    1374       2.9758       2.9861       3.0716       4.3499       2.2431       3.0677
    1375       2.9967       2.9453       3.2927       4.1204       2.5288       3.0702
    1376       2.7691       2.7186       3.0922       3.8369       2.3290       3.3301
    1377       2.6708       2.4736       3.6062       3.3302       2.3540       3.0512
    1378       2.8741       2.6754       3.7852       3.6071       2.3751       3.2753
    1379       2.5892       2.3468       3.7193       3.7824       2.3061       3.2467
    1380       2.7873       2.6655       3.3924       3.6119       2.3992       3.0807
    1381       2.8705       2.7370       3.6261       4.2873       2.3396       3.2013
    1382       3.3692       3.1666       4.5190       4.3927       2.5356       3.6480
    1383       2.8300       2.7100       3.4001       4.0842       2.5051       3.2758
    1384       3.0211       2.8918       3.6611       3.6459       2.5486       3.2768
    1385       2.9670       2.9145       3.2644       3.3910       2.5475       3.0593
    1386       2.9806       2.9672       3.0979       3.4041       2.4468       3.2117
    1387       3.0069       2.7351       4.1868       3.3513       2.4400       3.1577
    1388       3.2375       3.1446       3.7558       3.3545       2.4514       3.1924
    1389       3.4649       3.5455       3.1323       3.9848       2.4649       3.4524
    1390       3.3487       3.3939       3.2039       3.8164       2.6140       3.3473
    1391       3.0064       3.0405       2.8820       4.3429       2.3548       3.6373
    1392       3.0423       3.0888       2.8670       3.5164       2.4363       3.4140
    1393       3.2277       3.3274       2.8106       3.6250       2.2989       3.0317
    1394       3.1987       3.3012       2.7684       3.7549       2.2339       3.3510
    1395       3.0902       3.1991       2.6155       3.7747       2.2390       3.3318
    1396       2.9828       3.0494       2.7059       3.8404       2.2038       3.5562
    1397       2.9756       2.9558       3.1686       3.2557       2.1164       2.8514
    1398       3.0609       3.0112       3.4392       3.4256       2.2212       3.0259
    1399       3.2273       3.0447       4.1725       4.1773       2.4411       3.4810
    1400       3.1102       3.0348       3.5414       3.8217       2.4630       3.5746
    1401       3.1326       3.2310       2.7167       4.3337       2.3277       3.5584
    1402       2.9331       2.8853       3.2345       3.7557       2.2913       3.5854
    1403       3.4024       3.4167       3.4699       3.6184       2.3759       3.2103
    1404       3.3802       3.2899       4.0221       4.4133       2.3734       3.3237
    1405       3.2840       3.2242       3.7911       4.1652       2.3818       3.1634
    1406       3.6200       3.6957       3.3952       3.7177       2.3327       3.5553
    1407       3.3925       3.4968       2.9437       4.1975       2.1451       3.6474
    1408       3.3052       3.4505       2.6562       3.4545       2.1000       2.8435
    1409       3.0736       3.0121       3.4216       3.9407       2.2324       3.2139
    1410       3.1610       3.1906       3.1626       4.0898       2.0869       3.3539
    1411       3.3640       3.4171       3.1904       3.5739       2.2274       3.4006
    1412       3.2849       3.3135       3.2148       3.7096       2.2906       3.4010
    1413       2.9519       2.9669       2.9197       3.4822       2.2940       3.2725
    1414       2.6872       2.6884       2.7483       3.7666       2.1409       3.4639
    1415       3.0008       3.1129       2.5074       3.6651       2.0915       2.8473
    1416       3.2274       3.3373       2.8446       5.0529       2.1100       3.8715
    1417       3.2081       3.2633       3.0340       4.4531       2.2610       3.2105
    1418       3.1457       3.2173       2.9623       3.9141       2.1429       3.0872
    1419       3.3711       3.4139       3.3396       3.6655       2.2688       3.2732
    1420       3.3613       3.4267       3.2707       4.2155       2.1260       3.1149
    1421       2.9779       2.9448       3.3244       4.0052       2.1064       2.8118
    1422       2.8082       2.6912       3.5549       4.3257       2.1006       3.4185
    1423       2.7240       2.4856       3.9280       4.6641       2.2408       2.8557
    1424       2.7604       2.4902       4.1628       4.5751       2.1695       2.9829
    1425       3.1752       3.0626       4.0328       5.1066       2.0687       3.4886
    1426       2.7676       2.4202       4.3741       5.7263       2.1353       3.5121
    1427       3.1005       2.6912       4.9896       5.8849       2.1065       2.8171
    1428       3.3264       3.1507       4.4889       5.4043       2.0402       3.4006
    1429       3.3971       3.3669       3.9737       5.4322       2.0294       3.3880
    1430       3.5257       3.3714       4.6631       6.1717       2.0165       3.2734
    1431       3.8694       4.0138       3.5665       4.9027       1.9154       3.1736
    1432       3.6547       3.7388       3.6792       4.8765       1.9359       3.1199
    1433       3.9360       4.1396       3.2097       5.1491       1.9017       3.9295
    1434       4.3348       4.5483       3.3603       4.9863       2.2030       4.3377
    1435       4.4212       4.7032       3.0764       5.4725       2.0009       4.7997
    1436       3.9128       4.0804       3.3451       5.3141       2.2712       4.1214
    1437       3.9282       4.0131       3.9632       4.9180       1.9979       3.0555
    1438       3.7936       3.8555       3.9226       5.0722       2.1219       3.5369
    1439       3.9906       4.0874       3.7873       4.6775       2.2670       3.4032
    1440       3.9823       4.0557       4.0155       4.9695       2.1242       3.4496
    1441       4.1398       4.1949       4.3470       5.5432       2.1993       3.6937
    1442       3.7101       3.8393       3.3802       5.0258       1.9923       3.6300
    1443       4.0652       4.1307       4.1854       4.9929       2.1833       3.6067
    1444       4.0783       4.1267       4.3465       5.0626       2.1577       3.8802
    1445       4.0935       4.1312       4.4283       5.1446       2.1381       3.7557
    1446       3.7990       3.7649       4.4479       5.1455       2.0521       3.5684
    1447       3.8565       3.9653       3.7161       5.1127       2.0450       3.8750
    1448       3.6025       3.6283       3.8923       5.1703       1.9915       3.7178
    1449       3.6448       3.6587       3.9734       5.0518       2.2101       3.8949
    1450       3.5529       3.6117       3.6034       4.8235       2.1491       3.3835
    1451       3.5636       3.6105       3.6977       4.5903       2.0459       3.3048
    1452       3.4593       3.4153       4.0503       4.0233       2.2715       3.1973
    1453       3.2480       3.1911       3.8521       4.4385       2.1277       3.1869
    1454       3.2370       3.1155       4.2075       4.5626       2.1621       3.4597
    1455       3.5408       3.3507       4.8716       5.1473       2.2374       3.3196
    1456       3.4398       3.3602       4.2813       6.1724       2.2293       4.1597
    1457       2.8813       2.7322       3.8097       4.8476       2.1172       3.4586
    1458       2.8526       2.9101       2.6292       4.3809       2.2045       3.7504
    1459       2.5153       2.5193       2.6044       5.0413       2.0584       4.3426
    1460       2.6269       2.6205       2.8218       4.5994       2.0396       3.8749
    1461       2.8225       2.8548       2.7858       4.3300       2.1416       3.6416
    1462       3.0334       3.1060       2.8288       4.6246       2.2190       3.7755
    1463       2.8519       2.8690       2.9092       4.3794       2.2194       3.7241
    1464       3.0684       3.1330       2.9003       4.3288       2.2275       3.6503
    1465       2.9999       3.0100       3.1656       4.8652       2.1855       3.9388
    1466       3.1574       3.2593       2.8010       4.1564       2.0933       3.7084
    1467       3.3846       3.4665       3.1416       4.0368       2.2272       3.4670
    1468       3.2488       3.3030       3.2997       4.6970       2.0013       3.2134
    1469       3.2639       3.3015       3.3477       4.3585       2.1563       3.2670
    1470       3.2214       3.2693       3.2040       4.5486       2.2718       3.7689
    1471       3.1267       3.0825       3.4420       3.8577       2.3820       3.5462
    1472       2.9426       2.8592       3.4451       3.9081       2.1705       3.5680
    1473       3.1885       3.1620       3.4495       4.4882       2.1578       3.9995
    1474       3.3890       3.3323       3.8556       3.8184       2.2339       3.2044
    1475       3.2075       3.1648       3.5631       3.9443       2.1556       3.2901
    1476       3.2051       3.1869       3.4843       3.6787       2.1374       3.4644
    1477       2.8754       2.6327       3.9970       3.9986       2.3436       3.6081
    1478       2.8185       2.7469       3.2568       3.9186       2.2053       3.7183
    1479       2.8908       2.6975       3.8512       4.1990       2.2991       3.6774
    1480       3.2695       3.0240       4.5249       4.5169       2.3073       3.7898
    1481       3.5953       3.5864       3.8164       3.9458       2.1403       3.1040
    1482       3.3818       3.4170       3.3942       3.7600       2.0624       3.1920
    1483       3.0443       3.0912       2.8663       4.0548       2.2808       3.8861
    1484       2.8896       2.9080       2.8913       4.4583       2.1662       4.1041
    1485       3.3565       3.4171       3.1688       4.2882       2.2330       3.6640
    1486       3.5408       3.6279       3.2529       4.0543       2.3477       3.3537
    1487       3.3778       3.5061       2.8652       4.0901       2.0456       3.4112
    1488       3.4497       3.5850       2.8607       3.6077       2.0797       3.4748
    1489       3.4578       3.5381       3.1947       4.1315       2.2230       3.5939
    1490       3.4504       3.3493       4.0595       4.7605       2.2554       3.9670
    1491       3.5740       3.5867       3.6555       3.8862       2.3024       3.5709
    1492       3.3089       3.2188       3.8564       4.0345       2.3178       3.3476
    1493       3.2649       2.9864       4.5673       4.8608       2.4189       3.8744
    1494       3.7445       3.5993       4.5667       4.8695       2.3774       3.8648
    1495       3.6557       3.6514       3.7882       3.9071       2.4446       3.4540
    1496       3.4353       3.3797       3.7520       3.9500       2.6732       3.6413
    1497       3.6134       3.6448       3.6108       3.8749       2.1522       3.3474
    1498       3.2174       3.3050       2.8611       3.5872       2.2543       3.4694
    1499       3.2034       3.2455       3.1681       4.0442       2.2272       3.2516
    1500       3.1196       3.1869       2.9017       3.8307       2.1883       3.1669
